source,target,model,seed,operating_point,average_precision,roc_auc,f1,recall,precision,fpr,balanced_accuracy,predicted_malicious_fraction
iscx,iscx,always_malicious,11,default,0.0,0.0,0.0,0.0,0.0,0.0,0.0,0.0
iscx,iscx,always_malicious,11,validation_f1,0.0,0.0,0.0,0.0,0.0,0.0,0.0,0.0
iscx,iscx,always_malicious,11,validation_fpr_limit,0.0,0.0,0.0,0.0,0.0,0.0,0.0,0.0
iscx,iscx,always_malicious,23,default,0.0,0.0,0.0,0.0,0.0,0.0,0.0,0.0
iscx,iscx,always_malicious,23,validation_f1,0.0,0.0,0.0,0.0,0.0,0.0,0.0,0.0
iscx,iscx,always_malicious,23,validation_fpr_limit,0.0,0.0,0.0,0.0,0.0,0.0,0.0,0.0
iscx,iscx,always_malicious,37,default,0.0,0.0,0.0,0.0,0.0,0.0,0.0,0.0
iscx,iscx,always_malicious,37,validation_f1,0.0,0.0,0.0,0.0,0.0,0.0,0.0,0.0
iscx,iscx,always_malicious,37,validation_fpr_limit,0.0,0.0,0.0,0.0,0.0,0.0,0.0,0.0
iscx,iscx,always_malicious,51,default,0.0,0.0,0.0,0.0,0.0,0.0,0.0,0.0
iscx,iscx,always_malicious,51,validation_f1,0.0,0.0,0.0,0.0,0.0,0.0,0.0,0.0
iscx,iscx,always_malicious,51,validation_fpr_limit,0.0,0.0,0.0,0.0,0.0,0.0,0.0,0.0
iscx,iscx,always_malicious,71,default,0.0,0.0,0.0,0.0,0.0,0.0,0.0,0.0
iscx,iscx,always_malicious,71,validation_f1,0.0,0.0,0.0,0.0,0.0,0.0,0.0,0.0
iscx,iscx,always_malicious,71,validation_fpr_limit,0.0,0.0,0.0,0.0,0.0,0.0,0.0,0.0
iscx,iscx,ddqn,11,default,-0.016574536116113925,-0.016030192522449083,-0.06236127508854783,0.03889255108767298,-0.14498268277364834,0.19537275064267354,-0.07824009977750024,0.11812561015294498
iscx,iscx,ddqn,11,validation_f1,-0.016574536116113925,-0.016030192522449083,-0.04173072669652844,-0.06789716545814106,-0.013600911646848846,0.007069408740359898,-0.03748328709925042,-0.02993817116823949
iscx,iscx,ddqn,11,validation_fpr_limit,-0.016574536116113925,-0.016030192522449083,-0.008455688199825895,-0.009887936717205004,-0.0024685459468067883,0.0012853470437018,-0.005586641880453436,-0.004230393752033823
iscx,iscx,ddqn,23,default,-0.01878005341035538,-0.01807047972168052,-0.04954104568089568,0.04284772577455498,-0.12878512605918002,0.16773778920308482,-0.062445031714264965,0.1060852587048487
iscx,iscx,ddqn,23,validation_f1,-0.01878005341035538,-0.01807047972168052,-0.051774408673864625,-0.014502307185234042,-0.08619751497164574,0.09897172236503857,-0.05673701477513626,0.04295476732834369
iscx,iscx,ddqn,23,validation_fpr_limit,-0.01878005341035538,-0.01807047972168052,0.007984417690771517,0.011865524060646004,-0.00518442437696498,0.0032133676092544992,0.004326078225695751,0.007484542792059901
iscx,iscx,ddqn,37,default,-0.021866368357181476,-0.01962420756702532,-0.06236127508854783,0.03889255108767298,-0.14498268277364834,0.19537275064267354,-0.07824009977750024,0.11812561015294498
iscx,iscx,ddqn,37,validation_f1,-0.021866368357181476,-0.01962420756702532,-0.05341118336713058,-0.009887936717205004,-0.09344032484168796,0.10861182519280205,-0.05924988095500361,0.05011389521640097
iscx,iscx,ddqn,37,validation_fpr_limit,-0.021866368357181476,-0.01962420756702532,-0.06239465767382357,-0.07778510217534607,-0.0052118256629076765,0.0019280205655526992,-0.03985656137044935,-0.03742271396029939
iscx,iscx,ddqn,51,default,-0.019926319433484108,-0.018275948843695877,-0.05322446160757077,-0.010547132498352041,-0.09196468722633788,0.10796915167095117,-0.05925814208465163,0.04946306540839568
iscx,iscx,ddqn,51,validation_f1,-0.019926319433484108,-0.018275948843695877,-0.05322446160757077,-0.010547132498352041,-0.09196468722633788,0.10796915167095117,-0.05925814208465163,0.04946306540839568
iscx,iscx,ddqn,51,validation_fpr_limit,-0.019926319433484108,-0.018275948843695877,-0.08066610088868587,-0.09492419248516809,0.0006932120674356668,-0.0012853470437017992,-0.04681942272073303,-0.04751057598438008
iscx,iscx,ddqn,71,default,-0.02071502299584571,-0.019015002211441034,-0.03394140959556746,0.028345418589321048,-0.09940953861537172,0.11053984575835477,-0.04109721358451679,0.06996420436055967
iscx,iscx,ddqn,71,validation_f1,-0.02071502299584571,-0.019015002211441034,-0.0417417691854689,-0.06789716545814106,-0.013702585885684404,0.007069408740359898,-0.03748328709925042,-0.02993817116823949
iscx,iscx,ddqn,71,validation_fpr_limit,-0.02071502299584571,-0.019015002211441034,-0.055201799029470866,-0.06987475280158206,-0.002918418356109287,0.0006426735218508992,-0.03525871316171636,-0.03416856492027337
iscx,iscx,dqn,11,default,-0.016275037197155062,-0.015848235846354974,-0.06451689889303003,0.039551746868820015,-0.14852196917414306,0.20179948586118251,-0.08112386949618133,0.12170517409697362
iscx,iscx,dqn,11,validation_f1,-0.016275037197155062,-0.015848235846354974,-0.04023648125793178,-0.06526038233355314,-0.013335450367990442,0.007069408740359898,-0.036164895536956565,-0.02863651155222907
iscx,iscx,dqn,11,validation_fpr_limit,-0.016275037197155062,-0.015848235846354974,-0.0058954372843429415,-0.006591957811469928,-0.0024088354265456857,0.0012853470437018,-0.0039386524275858426,-0.00260331923202084
iscx,iscx,dqn,23,default,-0.018139881942440317,-0.017770325344467874,-0.05047384732979421,0.03625576796308505,-0.1238789456078635,0.16195372750642673,-0.06284897977167092,0.09990237552879927
iscx,iscx,dqn,23,validation_f1,-0.018139881942440317,-0.017770325344467874,-0.04983002325997499,-0.01516150296638108,-0.08181467549889776,0.09383033419023137,-0.05449591857830627,0.040026033192320176
iscx,iscx,dqn,23,validation_fpr_limit,-0.018139881942440317,-0.017770325344467874,0.029417240737292905,0.037574159525379014,-0.003389218304678976,0.0025706940874036,0.017501732718987695,0.019850309144158806
iscx,iscx,dqn,37,default,-0.0211839561031385,-0.019221530452641966,-0.06295636031239071,0.04218852999340805,-0.14954963006923128,0.20051413881748076,-0.07916280441203627,0.1223560039049788
iscx,iscx,dqn,37,validation_f1,-0.0211839561031385,-0.019221530452641966,-0.04125364881813953,-0.06921555702043503,-0.011318851851989664,0.004498714652956301,-0.0368571358366957,-0.03189066059225515
iscx,iscx,dqn,37,validation_fpr_limit,-0.0211839561031385,-0.019221530452641966,-0.041412048712492155,-0.052076466710613056,-0.004437657728017186,0.0019280205655526992,-0.0270022436380829,-0.024731532704197867
iscx,iscx,dqn,51,default,-0.019818619275087324,-0.01789487776070009,-0.05400811582506759,0.03230059327620305,-0.12614992410101467,0.1658097686375321,-0.06675458768066456,0.09990237552879916
iscx,iscx,dqn,51,validation_f1,-0.019818619275087324,-0.01789487776070009,-0.0532473026722764,-0.017798286090969007,-0.08523870337766393,0.09897172236503855,-0.058385004228003745,0.04132769280833065
iscx,iscx,dqn,51,validation_fpr_limit,-0.019818619275087324,-0.01789487776070009,-0.05532809685573303,-0.06855636123928799,0.0011832319134550406,-0.0012853470437017992,-0.03363550709779295,-0.03449397982427593
iscx,iscx,dqn,71,default,-0.020657249282919232,-0.01897539115389746,-0.03294285741268177,0.029004614370468085,-0.09800453647045093,0.10925449871465297,-0.04012494217209239,0.0696387894565571
iscx,iscx,dqn,71,validation_f1,-0.020657249282919232,-0.01897539115389746,-0.0417417691854689,-0.06789716545814106,-0.013702585885684404,0.007069408740359898,-0.03748328709925042,-0.02993817116823949
iscx,iscx,dqn,71,validation_fpr_limit,-0.020657249282919232,-0.01897539115389746,-0.051756088846946935,-0.0646011865524061,-0.004841040462427837,0.0019280205655526992,-0.03326460355897942,-0.030914415880247292
iscx,iscx,logistic,11,default,-0.02340658991173683,-0.0011972283274559459,0.0361291977583762,0.052735662491760094,0.01700562818126783,-0.010282776349614386,0.031509219420687296,0.020826553856166607
iscx,iscx,logistic,11,validation_f1,-0.02340658991173683,-0.0011972283274559459,0.00287887172157697,-0.03823335530652605,0.043844541253302394,-0.055912596401028275,0.008839620547251181,-0.04718516108037751
iscx,iscx,logistic,11,validation_fpr_limit,-0.02340658991173683,-0.0011972283274559459,-0.4784878446165407,-0.39353988134475937,-0.030611025772316114,-0.0025706940874035984,-0.19548459362867787,-0.1955743573055646
iscx,iscx,logistic,23,default,-0.02340658991173683,-0.0011972283274559459,0.0361291977583762,0.052735662491760094,0.01700562818126783,-0.010282776349614386,0.031509219420687296,0.020826553856166607
iscx,iscx,logistic,23,validation_f1,-0.02340658991173683,-0.0011972283274559459,0.00287887172157697,-0.03823335530652605,0.043844541253302394,-0.055912596401028275,0.008839620547251181,-0.04718516108037751
iscx,iscx,logistic,23,validation_fpr_limit,-0.02340658991173683,-0.0011972283274559459,-0.4784878446165407,-0.39353988134475937,-0.030611025772316114,-0.0025706940874035984,-0.19548459362867787,-0.1955743573055646
iscx,iscx,logistic,37,default,-0.02340658991173683,-0.0011972283274559459,0.0361291977583762,0.052735662491760094,0.01700562818126783,-0.010282776349614386,0.031509219420687296,0.020826553856166607
iscx,iscx,logistic,37,validation_f1,-0.02340658991173683,-0.0011972283274559459,0.00287887172157697,-0.03823335530652605,0.043844541253302394,-0.055912596401028275,0.008839620547251181,-0.04718516108037751
iscx,iscx,logistic,37,validation_fpr_limit,-0.02340658991173683,-0.0011972283274559459,-0.4784878446165407,-0.39353988134475937,-0.030611025772316114,-0.0025706940874035984,-0.19548459362867787,-0.1955743573055646
iscx,iscx,logistic,51,default,-0.02340658991173683,-0.0011972283274559459,0.0361291977583762,0.052735662491760094,0.01700562818126783,-0.010282776349614386,0.031509219420687296,0.020826553856166607
iscx,iscx,logistic,51,validation_f1,-0.02340658991173683,-0.0011972283274559459,0.00287887172157697,-0.03823335530652605,0.043844541253302394,-0.055912596401028275,0.008839620547251181,-0.04718516108037751
iscx,iscx,logistic,51,validation_fpr_limit,-0.02340658991173683,-0.0011972283274559459,-0.4784878446165407,-0.39353988134475937,-0.030611025772316114,-0.0025706940874035984,-0.19548459362867787,-0.1955743573055646
iscx,iscx,logistic,71,default,-0.02340658991173683,-0.0011972283274559459,0.0361291977583762,0.052735662491760094,0.01700562818126783,-0.010282776349614386,0.031509219420687296,0.020826553856166607
iscx,iscx,logistic,71,validation_f1,-0.02340658991173683,-0.0011972283274559459,0.00287887172157697,-0.03823335530652605,0.043844541253302394,-0.055912596401028275,0.008839620547251181,-0.04718516108037751
iscx,iscx,logistic,71,validation_fpr_limit,-0.02340658991173683,-0.0011972283274559459,-0.4784878446165407,-0.39353988134475937,-0.030611025772316114,-0.0025706940874035984,-0.19548459362867787,-0.1955743573055646
iscx,iscx,mlp,11,default,-0.0218125774269754,-0.019886021829717326,-0.03782594933788086,0.030323005932762048,-0.10623233162462842,0.12210796915167096,-0.04589248160945447,0.07679791734461439
iscx,iscx,mlp,11,validation_f1,-0.0218125774269754,-0.019886021829717326,-0.03085333113151134,-0.04021094264996705,-0.02279411220555483,0.02120822622107968,-0.030709584435523407,-0.009111617312072884
iscx,iscx,mlp,11,validation_fpr_limit,-0.0218125774269754,-0.019886021829717326,-0.0666170065282391,-0.08701384311140403,-0.006182722677617436,0.0025706940874036,-0.04479226859940377,-0.041653107712333215
iscx,iscx,mlp,23,default,-0.021588075369652793,-0.019877548876232054,-0.04896423295001762,0.004614370468029039,-0.10102352246859458,0.11503856041131107,-0.055212094971640924,0.06052717214448422
iscx,iscx,mlp,23,validation_f1,-0.021588075369652793,-0.019877548876232054,-0.036432113163553104,-0.027027027027027084,-0.044568776774771335,0.050128534704370176,-0.03857778086569863,0.012040351448096343
iscx,iscx,mlp,23,validation_fpr_limit,-0.021588075369652793,-0.019877548876232054,-0.06692897392596209,-0.08767303889255107,-0.0061692878824737285,0.0025706940874036,-0.04512186648997729,-0.041978522616335834
iscx,iscx,mlp,37,default,-0.020683354451494274,-0.018877104893469387,-0.041133794729020345,0.06789716545814106,-0.14009616973722516,0.17866323907455012,-0.055383036808204444,0.1239830784249919
iscx,iscx,mlp,37,validation_f1,-0.020683354451494274,-0.018877104893469387,-0.029623510541616493,-0.029663810151615122,-0.029506942032530015,0.03149100257069409,-0.03057740636115458,0.0013016596160103644
iscx,iscx,mlp,37,validation_fpr_limit,-0.020683354451494274,-0.018877104893469387,-0.06468386632315881,-0.0843770599868161,-0.006125567735546178,0.0025706940874036,-0.04347387703710981,-0.040351448096322795
iscx,iscx,mlp,51,default,-0.0211172771714202,-0.01952337942055149,-0.053605479666601785,-0.011206328279498967,-0.0930770163735598,0.10668380462724936,-0.05894506645337416,0.04848682069638788
iscx,iscx,mlp,51,validation_f1,-0.0211172771714202,-0.01952337942055149,-0.053649379123009266,-0.019775873434410007,-0.08491655969191281,0.09640102827763497,-0.058088450856022544,0.03904978848031243
iscx,iscx,mlp,51,validation_fpr_limit,-0.0211172771714202,-0.01952337942055149,-0.05740102248608403,-0.0744891232696111,-0.004991426938464438,0.0019280205655526992,-0.03820857191758176,-0.03579563944028635
iscx,iscx,mlp,71,default,-0.021308336668027117,-0.01927978200785252,-0.05137263545248316,-0.003295978905734964,-0.09672590226147337,0.11118251928020564,-0.05723924909297029,0.0546697038724373
iscx,iscx,mlp,71,validation_f1,-0.021308336668027117,-0.01927978200785252,-0.04815868608529639,-0.011865524060646004,-0.08175904308468096,0.09383033419023137,-0.052847929125438675,0.041653107712333215
iscx,iscx,mlp,71,validation_fpr_limit,-0.021308336668027117,-0.01927978200785252,-0.05952757278092813,-0.07712590639419903,-0.005998011111831736,0.0025706940874036,-0.039848300240801215,-0.03677188415229421
iscx,iscx,random_forest,11,default,-0.0206303738176834,-0.016065990750923853,-0.02904439507317691,-0.046143704680290054,-0.010868541436198753,0.0064267352185089915,-0.026285219949399585,-0.019524894240156243
iscx,iscx,random_forest,11,validation_f1,-0.0206303738176834,-0.016065990750923853,-0.03367317919840085,0.0646011865524061,-0.13444963374727692,0.15295629820051415,-0.04417755582405403,0.10933940774487466
iscx,iscx,random_forest,11,validation_fpr_limit,-0.0206303738176834,-0.016065990750923853,-0.08020973236206685,-0.13249835201054716,0.013128631896118903,-0.012210796915167094,-0.06014377754769007,-0.0715912788805727
iscx,iscx,random_forest,23,default,-0.019978472609144537,-0.014737643468284989,-0.027783912065359795,-0.039551746868820015,-0.015112657995969947,0.011568123393316185,-0.025559935131068134,-0.013667425968109381
iscx,iscx,random_forest,23,validation_f1,-0.019978472609144537,-0.014737643468284989,-0.029372937293729362,-0.020435069215557045,-0.03853900049871217,0.03920308483290488,-0.029819077024230922,0.009762447120078122
iscx,iscx,random_forest,23,validation_fpr_limit,-0.019978472609144537,-0.014737643468284989,-0.08261256253474147,-0.13777191825972313,0.014665443867834083,-0.013496143958868893,-0.06213788715042712,-0.07484542792059878
iscx,iscx,random_forest,37,default,-0.01987584007483878,-0.014570726284626856,-0.030603399548468246,-0.02373104812129201,-0.037618048501355084,0.037917737789203085,-0.030824392955247526,0.007484542792059901
iscx,iscx,random_forest,37,validation_f1,-0.01987584007483878,-0.014570726284626856,-0.03328001226733024,0.02307185234014497,-0.09801059498445497,0.09897172236503855,-0.0379499350124467,0.06150341685649208
iscx,iscx,random_forest,37,validation_fpr_limit,-0.01987584007483878,-0.014570726284626856,-0.08147916363067942,-0.1351351351351351,0.01381937228116048,-0.012853470437017993,-0.06114083234905854,-0.07321835340058575
iscx,iscx,random_forest,51,default,-0.020368110528260375,-0.014657785881687091,-0.02897874083583818,-0.04548450889914302,-0.011409153952843254,0.007069408740359898,-0.02627695881975145,-0.018874064432151005
iscx,iscx,random_forest,51,validation_f1,-0.020368110528260375,-0.014657785881687091,-0.03502007864764023,0.018457481872116044,-0.09598819228852196,0.09704370179948586,-0.03929310996368496,0.058249267816466
iscx,iscx,random_forest,51,validation_fpr_limit,-0.020368110528260375,-0.014657785881687091,-0.07701848261621813,-0.12722478576137108,0.013277903450931383,-0.012210796915167094,-0.05750699442310192,-0.06898795964855187
iscx,iscx,random_forest,71,default,-0.021071569117550593,-0.01448048933000945,-0.029706866090069894,-0.04680290046143698,-0.01153432039758362,0.007069408740359898,-0.026936154600898488,-0.019524894240156243
iscx,iscx,random_forest,71,validation_f1,-0.021071569117550593,-0.01448048933000945,-0.036406672875787804,0.06262359920896499,-0.13812807197318377,0.15616966580976863,-0.046773033300401834,0.1099902375528799
iscx,iscx,random_forest,71,validation_fpr_limit,-0.021071569117550593,-0.01448048933000945,-0.08060735178604561,-0.1331575477916941,0.013110104868891526,-0.012210796915167094,-0.06047337543826348,-0.07191669378457533
iscx,mendeley,always_malicious,11,default,0.0,0.0,0.0,0.0,0.0,0.0,0.0,0.0
iscx,mendeley,always_malicious,11,validation_f1,0.0,0.0,0.0,0.0,0.0,0.0,0.0,0.0
iscx,mendeley,always_malicious,11,validation_fpr_limit,0.0,0.0,0.0,0.0,0.0,0.0,0.0,0.0
iscx,mendeley,always_malicious,23,default,0.0,0.0,0.0,0.0,0.0,0.0,0.0,0.0
iscx,mendeley,always_malicious,23,validation_f1,0.0,0.0,0.0,0.0,0.0,0.0,0.0,0.0
iscx,mendeley,always_malicious,23,validation_fpr_limit,0.0,0.0,0.0,0.0,0.0,0.0,0.0,0.0
iscx,mendeley,always_malicious,37,default,0.0,0.0,0.0,0.0,0.0,0.0,0.0,0.0
iscx,mendeley,always_malicious,37,validation_f1,0.0,0.0,0.0,0.0,0.0,0.0,0.0,0.0
iscx,mendeley,always_malicious,37,validation_fpr_limit,0.0,0.0,0.0,0.0,0.0,0.0,0.0,0.0
iscx,mendeley,always_malicious,51,default,0.0,0.0,0.0,0.0,0.0,0.0,0.0,0.0
iscx,mendeley,always_malicious,51,validation_f1,0.0,0.0,0.0,0.0,0.0,0.0,0.0,0.0
iscx,mendeley,always_malicious,51,validation_fpr_limit,0.0,0.0,0.0,0.0,0.0,0.0,0.0,0.0
iscx,mendeley,always_malicious,71,default,0.0,0.0,0.0,0.0,0.0,0.0,0.0,0.0
iscx,mendeley,always_malicious,71,validation_f1,0.0,0.0,0.0,0.0,0.0,0.0,0.0,0.0
iscx,mendeley,always_malicious,71,validation_fpr_limit,0.0,0.0,0.0,0.0,0.0,0.0,0.0,0.0
iscx,mendeley,ddqn,11,default,0.23924040485479225,0.3816688809640352,0.0006893504151275209,-0.11584271496165766,0.048840575204411596,-0.28142857142857136,0.08279292823345685,-0.1949015261318101
iscx,mendeley,ddqn,11,validation_f1,0.23924040485479225,0.3816688809640352,-0.06464766812882172,-0.24196443139174417,0.021319011570773427,-0.33125000000000004,0.044642784304127936,-0.28459374200699117
iscx,mendeley,ddqn,11,validation_fpr_limit,0.23924040485479225,0.3816688809640352,-0.09891316332108013,-0.3517702724751183,0.18110105112958164,-0.7301785714285715,0.18920414947672654,-0.5324409583084662
iscx,mendeley,ddqn,23,default,0.015805080145797956,0.05418595436216567,-0.015774701589756135,-0.14423233806493718,0.03986092824481474,-0.2835714285714286,0.06966954525324565,-0.21075965555460818
iscx,mendeley,ddqn,23,validation_f1,0.015805080145797956,0.05418595436216567,-0.03498503401934905,-0.18045358133463862,0.030191803034155917,-0.29214285714285715,0.05584463790410926,-0.23377952084576692
iscx,mendeley,ddqn,23,validation_fpr_limit,0.015805080145797956,0.05418595436216567,-0.09633625654288513,-0.3499755261869799,0.181876676350123,-0.7291071428571428,0.18956580833508152,-0.5309915593827266
iscx,mendeley,ddqn,37,default,0.24789106762783386,0.4181937014894063,-0.0030960197743981066,-0.12367433512807957,0.04669115080391317,-0.2817857142857142,0.07905568957881737,-0.19916446414869127
iscx,mendeley,ddqn,37,validation_f1,0.24789106762783386,0.4181937014894063,-0.03324350939949372,-0.17833251753956603,0.03102629910129362,-0.29089285714285706,0.05628016980164552,-0.2320743456390144
iscx,mendeley,ddqn,37,validation_fpr_limit,0.24789106762783386,0.4181937014894063,-0.13579152732288458,-0.41213901125795405,0.18730112291855455,-0.76375,0.17580549437102305,-0.5800153465768607
iscx,mendeley,ddqn,51,default,0.06340592769206732,0.12461653322611471,-0.023155947346741645,-0.1605482134116495,0.03694811125925396,-0.29107142857142854,0.06526160757988952,-0.22286639952255094
iscx,mendeley,ddqn,51,validation_f1,0.06340592769206732,0.12461653322611471,-0.02339988161108375,-0.1610376896720509,0.03680641393509826,-0.29107142857142854,0.06501686944968882,-0.22312217580356386
iscx,mendeley,ddqn,51,validation_fpr_limit,0.06340592769206732,0.12461653322611471,-0.14437787988141954,-0.4093653124490129,0.2214433212598242,-0.7982142857142857,0.1944244866326364,-0.5950208883962826
iscx,mendeley,ddqn,71,default,0.23038494148851973,0.3652611996830058,-0.026237338518694142,-0.16381138848099208,0.037904241045277565,-0.30107142857142855,0.06863002004521823,-0.22934606530821033
iscx,mendeley,ddqn,71,validation_f1,0.23038494148851973,0.3652611996830058,-0.06330449594171284,-0.2391907325828031,0.02201817868406447,-0.33071428571428574,0.04576177656574132,-0.28288856680023866
iscx,mendeley,ddqn,71,validation_fpr_limit,0.23038494148851973,0.3652611996830058,-0.11673413376047492,-0.3775493555229238,0.16927364173121812,-0.7316071428571428,0.17702889366710955,-0.546593912524512
iscx,mendeley,dqn,11,default,0.24002149252956223,0.38172018856490225,0.006301879174449798,-0.10393212595855772,0.05088925842446518,-0.27607142857142863,0.08606965130643546,-0.18611987381703476
iscx,mendeley,dqn,11,validation_f1,0.24002149252956223,0.38172018856490225,-0.06406536237233906,-0.2408223201174744,0.021641152544455478,-0.33107142857142857,0.04512455422697709,-0.28391167192429023
iscx,mendeley,dqn,11,validation_fpr_limit,0.24002149252956223,0.38172018856490225,-0.09677102504187435,-0.3463860336107032,0.18232122136228796,-0.7301785714285715,0.19189626890893408,-0.5296274192173245
iscx,mendeley,dqn,23,default,-0.030997641569062373,-0.021907209286064044,-0.016743488497007686,-0.14667971936694413,0.039405872080712445,-0.2844642857142857,0.06889228317367085,-0.2124648307613607
iscx,mendeley,dqn,23,validation_f1,-0.030997641569062373,-0.021907209286064044,-0.0348952450839608,-0.1801272638277044,0.030236753026740226,-0.29214285714285715,0.05600779665757638,-0.2336090033250917
iscx,mendeley,dqn,23,validation_fpr_limit,-0.030997641569062373,-0.021907209286064044,-0.09969248477253156,-0.3507913199543155,0.17837330740638518,-0.72,0.1846043400228422,-0.5270696564071958
iscx,mendeley,dqn,37,default,0.24131864334632014,0.406875189380696,-0.0021864816950581956,-0.12139011257953991,0.047098138404633116,-0.28089285714285706,0.07975137228165857,-0.19754454770227647
iscx,mendeley,dqn,37,validation_f1,0.24131864334632014,0.406875189380696,-0.07160116673346639,-0.2550171316691141,0.01747466184008878,-0.3326785714285714,0.03883071987972864,-0.29209651291670213
iscx,mendeley,dqn,37,validation_fpr_limit,0.24131864334632014,0.406875189380696,-0.12471110903742483,-0.3953336596508402,0.1646514118560492,-0.7314285714285714,0.16804745588886566,-0.5558018586409754
iscx,mendeley,dqn,51,default,0.16784163081633707,0.26972292147402277,-0.010059685710112731,-0.13591124163811397,0.04337813257614154,-0.2851785714285714,0.07463366489522877,-0.20717878762042796
iscx,mendeley,dqn,51,validation_f1,0.16784163081633707,0.26972292147402277,-0.029621155206858707,-0.17245880241474953,0.03337558641930993,-0.2925,0.06002059879262528,-0.22977235910989857
iscx,mendeley,dqn,51,validation_fpr_limit,0.16784163081633707,0.26972292147402277,-0.11737046636513021,-0.3723282754119759,0.17079776475024855,-0.7317857142857144,0.17972871943686924,-0.5439508909540456
iscx,mendeley,dqn,71,default,0.23436573058378646,0.37309992890940025,-0.026135806377074466,-0.1636482297275249,0.037965502219792335,-0.30107142857142855,0.06871159942195182,-0.22926080654787273
iscx,mendeley,dqn,71,validation_f1,0.23436573058378646,0.37309992890940025,-0.06281521429461234,-0.23821178006200028,0.022302768736885192,-0.33071428571428574,0.04625125282614273,-0.28237701423821293
iscx,mendeley,dqn,71,validation_fpr_limit,0.23436573058378646,0.37309992890940025,-0.11400151616040444,-0.37249143416544295,0.17093374334553868,-0.7314285714285714,0.17946856863156418,-0.5438656321937079
iscx,mendeley,logistic,11,default,0.2803535001583548,0.43430373458732485,-0.03687855886256397,-0.1926904878446729,0.038134729049330296,-0.3298214285714286,0.06856547036337785,-0.25816352630232753
iscx,mendeley,logistic,11,validation_f1,0.2803535001583548,0.43430373458732485,-0.05137738170123474,-0.22483276227769622,0.030761327010178585,-0.33785714285714286,0.05651219028972332,-0.2787961463040327
iscx,mendeley,logistic,11,validation_fpr_limit,0.2803535001583548,0.43430373458732485,-0.4514943532297147,-0.6005873715124816,0.5779142449830026,-0.9410714285714286,0.1702420285294735,-0.7631511637820786
iscx,mendeley,logistic,23,default,0.2803535001583548,0.43430373458732485,-0.03687855886256397,-0.1926904878446729,0.038134729049330296,-0.3298214285714286,0.06856547036337785,-0.25816352630232753
iscx,mendeley,logistic,23,validation_f1,0.2803535001583548,0.43430373458732485,-0.05137738170123474,-0.22483276227769622,0.030761327010178585,-0.33785714285714286,0.05651219028972332,-0.2787961463040327
iscx,mendeley,logistic,23,validation_fpr_limit,0.2803535001583548,0.43430373458732485,-0.4514943532297147,-0.6005873715124816,0.5779142449830026,-0.9410714285714286,0.1702420285294735,-0.7631511637820786
iscx,mendeley,logistic,37,default,0.2803535001583548,0.43430373458732485,-0.03687855886256397,-0.1926904878446729,0.038134729049330296,-0.3298214285714286,0.06856547036337785,-0.25816352630232753
iscx,mendeley,logistic,37,validation_f1,0.2803535001583548,0.43430373458732485,-0.05137738170123474,-0.22483276227769622,0.030761327010178585,-0.33785714285714286,0.05651219028972332,-0.2787961463040327
iscx,mendeley,logistic,37,validation_fpr_limit,0.2803535001583548,0.43430373458732485,-0.4514943532297147,-0.6005873715124816,0.5779142449830026,-0.9410714285714286,0.1702420285294735,-0.7631511637820786
iscx,mendeley,logistic,51,default,0.2803535001583548,0.43430373458732485,-0.03687855886256397,-0.1926904878446729,0.038134729049330296,-0.3298214285714286,0.06856547036337785,-0.25816352630232753
iscx,mendeley,logistic,51,validation_f1,0.2803535001583548,0.43430373458732485,-0.05137738170123474,-0.22483276227769622,0.030761327010178585,-0.33785714285714286,0.05651219028972332,-0.2787961463040327
iscx,mendeley,logistic,51,validation_fpr_limit,0.2803535001583548,0.43430373458732485,-0.4514943532297147,-0.6005873715124816,0.5779142449830026,-0.9410714285714286,0.1702420285294735,-0.7631511637820786
iscx,mendeley,logistic,71,default,0.2803535001583548,0.43430373458732485,-0.03687855886256397,-0.1926904878446729,0.038134729049330296,-0.3298214285714286,0.06856547036337785,-0.25816352630232753
iscx,mendeley,logistic,71,validation_f1,0.2803535001583548,0.43430373458732485,-0.05137738170123474,-0.22483276227769622,0.030761327010178585,-0.33785714285714286,0.05651219028972332,-0.2787961463040327
iscx,mendeley,logistic,71,validation_fpr_limit,0.2803535001583548,0.43430373458732485,-0.4514943532297147,-0.6005873715124816,0.5779142449830026,-0.9410714285714286,0.1702420285294735,-0.7631511637820786
iscx,mendeley,mlp,11,default,0.24570260277938427,0.4120722764142368,-0.026845994678280527,-0.16381138848099197,0.034944273083015176,-0.2896428571428571,0.06291573433093256,-0.2238895046466024
iscx,mendeley,mlp,11,validation_f1,0.24570260277938427,0.4120722764142368,-0.055491546867503905,-0.2243432860172948,0.019723362327870086,-0.29999999999999993,0.03782835699135256,-0.2604655128314435
iscx,mendeley,mlp,11,validation_fpr_limit,0.24570260277938427,0.4120722764142368,-0.13810995116220381,-0.3819546418665361,0.07202276581384576,-0.6112500000000001,0.1146476790667319,-0.4914314945860687
iscx,mendeley,mlp,23,default,0.24754369713264424,0.4143136843577372,-0.04217516857912851,-0.19203785283080432,0.026021384120276325,-0.29035714285714287,0.04915964501316927,-0.23898030522636204
iscx,mendeley,mlp,23,validation_f1,0.24754369713264424,0.4143136843577372,-0.04956068891223753,-0.21145374449339205,0.022095918438275297,-0.29428571428571426,0.04141598489616116,-0.2510017904339671
iscx,mendeley,mlp,23,validation_fpr_limit,0.24754369713264424,0.4143136843577372,-0.12290710374809621,-0.40104421602218954,0.1671667158860316,-0.7339285714285715,0.16644217770319092,-0.559979537897519
iscx,mendeley,mlp,37,default,0.24594091252952377,0.41171041360744,-0.009807421658421078,-0.1315059552945015,0.042934255652287145,-0.2801785714285715,0.07433630806703495,-0.20248955580185868
iscx,mendeley,mlp,37,validation_f1,0.24594091252952377,0.41171041360744,-0.05117755300681337,-0.215369554576603,0.021321396658914638,-0.2953571428571429,0.039993794140269934,-0.25355955324409585
iscx,mendeley,mlp,37,validation_fpr_limit,0.24594091252952377,0.41171041360744,-0.12063314285961219,-0.3958231359112416,0.16827671020644208,-0.7321428571428571,0.1681598606158078,-0.5563986699633388
iscx,mendeley,mlp,51,default,0.2417715240618864,0.40194668787730464,-0.03725477013229317,-0.18730624898025772,0.028976560673702467,-0.2923214285714286,0.052507589795585397,-0.23744564754028474
iscx,mendeley,mlp,51,validation_f1,0.2417715240618864,0.40194668787730464,-0.04550645764255312,-0.20280633055963448,0.024306413120448622,-0.2933928571428571,0.04529326329161126,-0.24605678233438488
iscx,mendeley,mlp,51,validation_fpr_limit,0.2417715240618864,0.40194668787730464,-0.13639073446531857,-0.37803883178332515,0.07287351718816393,-0.6103571428571428,0.11615915553690881,-0.48895899053627756
iscx,mendeley,mlp,71,default,0.24774154378270558,0.4142441379390718,-0.03557200962787144,-0.18257464512971122,0.029535292945140512,-0.28928571428571437,0.05335553457800152,-0.233523744564754
iscx,mendeley,mlp,71,validation_f1,0.24774154378270558,0.4142441379390718,-0.04265236978552134,-0.19872736172295646,0.026011202503953224,-0.2933928571428571,0.04733274770995033,-0.24392531332594425
iscx,mendeley,mlp,71,validation_fpr_limit,0.24774154378270558,0.4142441379390718,-0.12101925133545743,-0.3950073421439061,0.16565670421437817,-0.7303571428571428,0.1676749003566183,-0.5551197885582744
iscx,mendeley,random_forest,11,default,0.08584305136210607,0.17541075216185337,-0.016392815649087233,-0.24832762277696196,0.10159842836757516,-0.50875,0.13021118861151892,-0.37266604143575754
iscx,mendeley,random_forest,11,validation_f1,0.08584305136210607,0.17541075216185337,-0.007950561665586497,-0.1393375754609234,0.04637224595692302,-0.2933928571428571,0.0770276408409668,-0.21289112456304893
iscx,mendeley,random_forest,11,validation_fpr_limit,0.08584305136210607,0.17541075216185337,-0.09776526466866264,-0.35682819383259917,0.07107399703356487,-0.5496428571428571,0.09640733165512894,-0.44888737317759403
iscx,mendeley,random_forest,23,default,0.08988878464678635,0.18188244411812698,-0.015126836944902022,-0.24539076521455383,0.10222495428520972,-0.5080357142857144,0.13132247453558016,-0.37079034870832983
iscx,mendeley,random_forest,23,validation_f1,0.08988878464678635,0.18188244411812698,-0.00807406953895351,-0.23250122369065107,0.10467539968281603,-0.5039285714285715,0.13571367386896016,-0.3620939551538921
iscx,mendeley,random_forest,23,validation_fpr_limit,0.08988878464678635,0.18188244411812698,-0.09927875973502132,-0.3613966389296786,0.0700985418732929,-0.5491071428571428,0.09385525196373212,-0.4510188421860346
iscx,mendeley,random_forest,37,default,0.09573645216356419,0.19406422627788256,-0.009209150623199713,-0.23527492249959203,0.10411857313832462,-0.5046428571428572,0.13468396732163251,-0.3638843891209822
iscx,mendeley,random_forest,37,validation_f1,0.09573645216356419,0.19406422627788256,0.0037997270053393706,-0.20688529939631262,0.11105325101349994,-0.5007142857142857,0.14691449315898653,-0.34717367209480776
iscx,mendeley,random_forest,37,validation_fpr_limit,0.09573645216356419,0.19406422627788256,-0.09678326807853577,-0.35470713003752646,0.07163460945512601,-0.5496428571428571,0.09746786355266535,-0.4477790092932049
iscx,mendeley,random_forest,51,default,0.09195828435807196,0.18584642973684806,-0.016666361676511476,-0.24881709903736338,0.10141835629218099,-0.5085714285714287,0.12987716476703254,-0.37283655895643275
iscx,mendeley,random_forest,51,validation_f1,0.09195828435807196,0.18584642973684806,0.0019570353633147075,-0.2101484744656551,0.10987592206036928,-0.4998214285714286,0.14483647705288671,-0.34845255349987214
iscx,mendeley,random_forest,51,validation_fpr_limit,0.09195828435807196,0.18584642973684806,-0.09531959667896794,-0.3519334312285854,0.07248218917782906,-0.5494642857142857,0.09876542724285009,-0.44624435160712767
iscx,mendeley,random_forest,71,default,0.08998336424673353,0.18262401522038063,-0.01504803554840417,-0.24522760646108666,0.10226996110432529,-0.5080357142857144,0.13140405391231375,-0.3707050899479921
iscx,mendeley,random_forest,71,validation_f1,0.08998336424673353,0.18262401522038063,-0.007705433293688557,-0.13868494044705493,0.04646504960001058,-0.2930357142857143,0.07717538691932962,-0.2123795720010232
iscx,mendeley,random_forest,71,validation_fpr_limit,0.08998336424673353,0.18262401522038063,-0.09621477643154985,-0.35323870125632234,0.07199296277970202,-0.5496428571428571,0.09820207794326735,-0.44701168045016626
mendeley,iscx,always_malicious,11,default,0.0,0.0,0.0,0.0,0.0,0.0,0.0,0.0
mendeley,iscx,always_malicious,11,validation_f1,0.0,0.0,0.0,0.0,0.0,0.0,0.0,0.0
mendeley,iscx,always_malicious,11,validation_fpr_limit,0.0,0.0,0.0,0.0,0.0,0.0,0.0,0.0
mendeley,iscx,always_malicious,23,default,0.0,0.0,0.0,0.0,0.0,0.0,0.0,0.0
mendeley,iscx,always_malicious,23,validation_f1,0.0,0.0,0.0,0.0,0.0,0.0,0.0,0.0
mendeley,iscx,always_malicious,23,validation_fpr_limit,0.0,0.0,0.0,0.0,0.0,0.0,0.0,0.0
mendeley,iscx,always_malicious,37,default,0.0,0.0,0.0,0.0,0.0,0.0,0.0,0.0
mendeley,iscx,always_malicious,37,validation_f1,0.0,0.0,0.0,0.0,0.0,0.0,0.0,0.0
mendeley,iscx,always_malicious,37,validation_fpr_limit,0.0,0.0,0.0,0.0,0.0,0.0,0.0,0.0
mendeley,iscx,always_malicious,51,default,0.0,0.0,0.0,0.0,0.0,0.0,0.0,0.0
mendeley,iscx,always_malicious,51,validation_f1,0.0,0.0,0.0,0.0,0.0,0.0,0.0,0.0
mendeley,iscx,always_malicious,51,validation_fpr_limit,0.0,0.0,0.0,0.0,0.0,0.0,0.0,0.0
mendeley,iscx,always_malicious,71,default,0.0,0.0,0.0,0.0,0.0,0.0,0.0,0.0
mendeley,iscx,always_malicious,71,validation_f1,0.0,0.0,0.0,0.0,0.0,0.0,0.0,0.0
mendeley,iscx,always_malicious,71,validation_fpr_limit,0.0,0.0,0.0,0.0,0.0,0.0,0.0,0.0
mendeley,iscx,ddqn,11,default,0.3857403234411713,0.5759485895074332,0.0032313979930982395,-0.46011865524060647,0.3693592892581878,-0.916452442159383,0.22816689345938834,-0.6911812561015295
mendeley,iscx,ddqn,11,validation_f1,0.3857403234411713,0.5759485895074332,0.0027447799882320822,-0.10085695451549115,0.032377214230056184,-0.2101542416452442,0.05464864356487653,-0.1561991539212496
mendeley,iscx,ddqn,11,validation_fpr_limit,0.3857403234411713,0.5759485895074332,0.10966900375636779,-0.004614370468029011,0.6185821484992102,-0.5623393316195372,0.2788624805757541,-0.2870159453302962
mendeley,iscx,ddqn,23,default,0.28629828667513124,0.4852390559096309,0.15223823946922943,-0.23071852340145027,0.3688733068143036,-0.8804627249357326,0.3248721007671411,-0.5597136348844778
mendeley,iscx,ddqn,23,validation_f1,0.28629828667513124,0.4852390559096309,0.0,0.0,0.0,0.0,0.0,0.0
mendeley,iscx,ddqn,23,validation_fpr_limit,0.28629828667513124,0.4852390559096309,0.014761206196764909,-0.053394858272907075,0.4348066451060066,-0.2956298200514139,0.12111748088925334,-0.17604946306540842
mendeley,iscx,ddqn,37,default,0.4043633876169511,0.618390248986211,0.17574645523054389,-0.19248516809492422,0.3745241873679516,-0.8804627249357326,0.3439887784204042,-0.5408395704523268
mendeley,iscx,ddqn,37,validation_f1,0.4043633876169511,0.618390248986211,0.0,0.0,0.0,0.0,0.0,0.0
mendeley,iscx,ddqn,37,validation_fpr_limit,0.4043633876169511,0.618390248986211,0.06554191905520262,-0.03757415952537904,0.5796794491815239,-0.5038560411311054,0.23314094080286318,-0.2736739342661894
mendeley,iscx,ddqn,51,default,0.44352790551407517,0.6663350917536134,0.06527321660561491,-0.3935398813447595,0.4128945010853692,-0.9389460154241646,0.27270306703970254,-0.6697038724373576
mendeley,iscx,ddqn,51,validation_f1,0.44352790551407517,0.6663350917536134,0.005370672827183842,-0.003295978905734964,0.006842114957742951,-0.03020565552699228,0.013454838310628658,-0.016921575008135403
mendeley,iscx,ddqn,51,validation_fpr_limit,0.44352790551407517,0.6663350917536134,0.11696287977372524,0.011865524060646032,0.6491407003280214,-0.5559125964010283,0.28388906023083715,-0.275626423690205
mendeley,iscx,ddqn,71,default,0.42329250168603494,0.6368047306193897,0.16091562956994054,-0.22874093605800927,0.38604483874835155,-0.897172236503856,0.33421565022292343,-0.5671981776765376
mendeley,iscx,ddqn,71,validation_f1,0.42329250168603494,0.6368047306193897,0.0,0.0,0.0,0.0,0.0,0.0
mendeley,iscx,ddqn,71,validation_fpr_limit,0.42329250168603494,0.6368047306193897,0.09521754450177405,-0.011206328279499023,0.6117701743645557,-0.5282776349614396,0.2585356533409703,-0.27302310445818423
mendeley,iscx,dqn,11,default,0.40286549844346703,0.6029925624414307,0.09624283452351368,-0.3368490441661174,0.38880173097892795,-0.9138817480719794,0.288516351952931,-0.6290270094370323
mendeley,iscx,dqn,11,validation_f1,0.40286549844346703,0.6029925624414307,0.0,0.0,0.0,0.0,0.0,0.0
mendeley,iscx,dqn,11,validation_fpr_limit,0.40286549844346703,0.6029925624414307,0.0999080399369417,-0.012524719841793014,0.6046064702642031,-0.5437017994858612,0.26558853982203406,-0.2814838919622519
mendeley,iscx,dqn,23,default,0.2778652437390352,0.47886824218412405,0.14321574753705424,-0.24588002636783124,0.36779137376058096,-0.8817480719794344,0.31793402280580163,-0.5678490074845428
mendeley,iscx,dqn,23,validation_f1,0.2778652437390352,0.47886824218412405,0.0,0.0,0.0,0.0,0.0,0.0
mendeley,iscx,dqn,23,validation_fpr_limit,0.2778652437390352,0.47886824218412405,0.005401633016171692,-0.06328279499011205,0.43238149862755537,-0.3020565552699229,0.1193868801399054,-0.18418483566547347
mendeley,iscx,dqn,37,default,0.4164864656758261,0.6362173431190297,0.1650230803046091,-0.2294001318391562,0.3967543191056911,-0.9074550128534704,0.33902744050715716,-0.5727302310445819
mendeley,iscx,dqn,37,validation_f1,0.4164864656758261,0.6362173431190297,0.0,0.0,0.0,0.0,0.0,0.0
mendeley,iscx,dqn,37,validation_fpr_limit,0.4164864656758261,0.6362173431190297,0.08649613135856493,-0.017139090309822025,0.6007125252487816,-0.5115681233933163,0.2472145165417471,-0.26749105109013993
mendeley,iscx,dqn,51,default,0.4193667793667354,0.6454318918580002,0.05974600329656887,-0.41661173368490434,0.44994691613304877,-0.9659383033419023,0.274663284828499,-0.6947608200455581
mendeley,iscx,dqn,51,validation_f1,0.4193667793667354,0.6454318918580002,0.005370672827183842,-0.003295978905734964,0.006842114957742951,-0.03020565552699228,0.013454838310628658,-0.016921575008135403
mendeley,iscx,dqn,51,validation_fpr_limit,0.4193667793667354,0.6454318918580002,0.07132519735711806,-0.03361898483849701,0.6046020453534905,-0.5469151670951157,0.25664809112830933,-0.2935242434103482
mendeley,iscx,dqn,71,default,0.43923614004207595,0.6567127821281689,0.16440591219533307,-0.2333553065260382,0.4002733385142921,-0.9113110539845758,0.3389778737292688,-0.5766352098926131
mendeley,iscx,dqn,71,validation_f1,0.43923614004207595,0.6567127821281689,0.0,0.0,0.0,0.0,0.0,0.0
mendeley,iscx,dqn,71,validation_fpr_limit,0.43923614004207595,0.6567127821281689,0.12953274959055192,0.023071852340145027,0.6466275104206138,-0.5340616966580977,0.2785667744991214,-0.25903026358607223
mendeley,iscx,logistic,11,default,0.4167257977343827,0.6297531150813489,0.1992261618951544,-0.1568885959129862,0.3852251619496252,-0.8856041131105399,0.3643577585987768,-0.525870484868207
mendeley,iscx,logistic,11,validation_f1,0.4167257977343827,0.6297531150813489,0.0,0.0,0.0,0.0,0.0,0.0
mendeley,iscx,logistic,11,validation_fpr_limit,0.4167257977343827,0.6297531150813489,0.0028968667037853058,-0.06130520764667108,0.5231334895776086,-0.34897172236503854,0.14383325735918384,-0.2069638789456557
mendeley,iscx,logistic,23,default,0.4167257977343827,0.6297531150813489,0.1992261618951544,-0.1568885959129862,0.3852251619496252,-0.8856041131105399,0.3643577585987768,-0.525870484868207
mendeley,iscx,logistic,23,validation_f1,0.4167257977343827,0.6297531150813489,0.0,0.0,0.0,0.0,0.0,0.0
mendeley,iscx,logistic,23,validation_fpr_limit,0.4167257977343827,0.6297531150813489,0.0028968667037853058,-0.06130520764667108,0.5231334895776086,-0.34897172236503854,0.14383325735918384,-0.2069638789456557
mendeley,iscx,logistic,37,default,0.4167257977343827,0.6297531150813489,0.1992261618951544,-0.1568885959129862,0.3852251619496252,-0.8856041131105399,0.3643577585987768,-0.525870484868207
mendeley,iscx,logistic,37,validation_f1,0.4167257977343827,0.6297531150813489,0.0,0.0,0.0,0.0,0.0,0.0
mendeley,iscx,logistic,37,validation_fpr_limit,0.4167257977343827,0.6297531150813489,0.0028968667037853058,-0.06130520764667108,0.5231334895776086,-0.34897172236503854,0.14383325735918384,-0.2069638789456557
mendeley,iscx,logistic,51,default,0.4167257977343827,0.6297531150813489,0.1992261618951544,-0.1568885959129862,0.3852251619496252,-0.8856041131105399,0.3643577585987768,-0.525870484868207
mendeley,iscx,logistic,51,validation_f1,0.4167257977343827,0.6297531150813489,0.0,0.0,0.0,0.0,0.0,0.0
mendeley,iscx,logistic,51,validation_fpr_limit,0.4167257977343827,0.6297531150813489,0.0028968667037853058,-0.06130520764667108,0.5231334895776086,-0.34897172236503854,0.14383325735918384,-0.2069638789456557
mendeley,iscx,logistic,71,default,0.4167257977343827,0.6297531150813489,0.1992261618951544,-0.1568885959129862,0.3852251619496252,-0.8856041131105399,0.3643577585987768,-0.525870484868207
mendeley,iscx,logistic,71,validation_f1,0.4167257977343827,0.6297531150813489,0.0,0.0,0.0,0.0,0.0,0.0
mendeley,iscx,logistic,71,validation_fpr_limit,0.4167257977343827,0.6297531150813489,0.0028968667037853058,-0.06130520764667108,0.5231334895776086,-0.34897172236503854,0.14383325735918384,-0.2069638789456557
mendeley,iscx,mlp,11,default,0.20190755962640394,0.34198513674499625,-0.02729479327166484,-0.5009887936717206,0.376491018251609,-0.9273778920308483,0.21319454917956387,-0.7168890335177351
mendeley,iscx,mlp,11,validation_f1,0.20190755962640394,0.34198513674499625,0.0,0.0,0.0,0.0,0.0,0.0
mendeley,iscx,mlp,11,validation_fpr_limit,0.20190755962640394,0.34198513674499625,-0.09985271821529135,-0.14304548450889915,0.2821988166289655,-0.2011568123393316,0.0290556639152163,-0.17246989912137972
mendeley,iscx,mlp,23,default,0.13347136198854415,0.25062276208116063,-0.03827298557783909,-0.5141727092946605,0.37340441415746256,-0.9273778920308483,0.2066025913680939,-0.7233973315977872
mendeley,iscx,mlp,23,validation_f1,0.13347136198854415,0.25062276208116063,0.027597668328574243,-0.11008569545154911,0.06790965052821712,-0.3226221079691517,0.10626820625880129,-0.21770257077774158
mendeley,iscx,mlp,23,validation_fpr_limit,0.13347136198854415,0.25062276208116063,-0.15458205376819967,-0.17205009887936717,0.16899829611694017,-0.12017994858611825,-0.02593507514662452,-0.1457858769931663
mendeley,iscx,mlp,37,default,0.24046725248477774,0.3825364803012306,0.04882639031970193,-0.1410678971654581,0.11124799214274655,-0.4530848329048843,0.15600846786971312,-0.2990562967783924
mendeley,iscx,mlp,37,validation_f1,0.24046725248477774,0.3825364803012306,0.04033045788068146,-0.11535926170072508,0.08729797158043179,-0.377892030848329,0.13126638457380202,-0.2482915717539863
mendeley,iscx,mlp,37,validation_fpr_limit,0.24046725248477774,0.3825364803012306,-0.059238569607532376,-0.12195121951219512,0.37918520442957815,-0.2827763496143959,0.0804125650511004,-0.20338431500162707
mendeley,iscx,mlp,51,default,0.17208338707374382,0.29559825829968156,0.09031361082444667,-0.2471984179301252,0.2561814409235203,-0.7551413881748072,0.253971485122341,-0.5043931012040351
mendeley,iscx,mlp,51,validation_f1,0.17208338707374382,0.29559825829968156,0.03666015901310016,-0.11470006591957815,0.08199925543730929,-0.36375321336760924,0.12452657372401554,-0.2408070289619264
mendeley,iscx,mlp,51,validation_fpr_limit,0.17208338707374382,0.29559825829968156,-0.13486782937413228,-0.17996044825313118,0.2658469720645886,-0.20179948586118251,0.010919518804025752,-0.19101854864952816
mendeley,iscx,mlp,71,default,0.17815447665756445,0.32300699188121595,0.05332644856614255,-0.21621621621621623,0.1625266060805894,-0.5996143958868895,0.19169908983533657,-0.41034819394728284
mendeley,iscx,mlp,71,validation_f1,0.17815447665756445,0.32300699188121595,0.0,0.0,0.0,0.0,0.0,0.0
mendeley,iscx,mlp,71,validation_fpr_limit,0.17815447665756445,0.32300699188121595,-0.12563292012444555,-0.16809492419248517,0.27367379709812467,-0.20179948586118251,0.016852280834348643,-0.1851610803774813
mendeley,iscx,random_forest,11,default,0.10623602023591339,0.07816447866764509,-0.04483092691263124,-0.33421226104152935,0.09793494965406657,-0.532133676092545,0.0989607075255079,-0.4344288968434754
mendeley,iscx,random_forest,11,validation_f1,0.10623602023591339,0.07816447866764509,-0.0024382085043040957,0.005932762030323002,-0.004199667881269686,0.02249357326478152,-0.008280405617229203,0.014318255776114563
mendeley,iscx,random_forest,11,validation_fpr_limit,0.10623602023591339,0.07816447866764509,-0.20253937263866834,-0.24719841793012526,0.31770229770229774,-0.2840616966580977,0.018431639363986174,-0.2658639765701269
mendeley,iscx,random_forest,23,default,0.0879883696751309,0.0737502817257033,-0.054410501778922815,-0.3328938694792354,0.07918083105121221,-0.4967866323907455,0.08194638145575506,-0.415880247315327
mendeley,iscx,random_forest,23,validation_f1,0.0879883696751309,0.0737502817257033,-0.0025739802911598497,0.009228740936057966,-0.005183957704054776,0.029562982005141403,-0.010167120534541718,0.019524894240156243
mendeley,iscx,random_forest,23,validation_fpr_limit,0.0879883696751309,0.0737502817257033,-0.2096378159749196,-0.2584047462096242,0.3276100256562068,-0.29820051413881743,0.019897883964596574,-0.2785551578262284
mendeley,iscx,random_forest,37,default,0.10660207584151293,0.07218384445013082,-0.052472431696678146,-0.33025708635464734,0.08063077952879533,-0.4993573264781491,0.08455012006175089,-0.415880247315327
mendeley,iscx,random_forest,37,validation_f1,0.10660207584151293,0.07218384445013082,-0.0037504715274409017,0.007910349373764003,-0.006179532839940549,0.03213367609254503,-0.012111663359390512,0.02017572404816137
mendeley,iscx,random_forest,37,validation_fpr_limit,0.10660207584151293,0.07218384445013082,-0.1997407391733761,-0.25181278839815424,0.33653402980488556,-0.30462724935732644,0.026407230479586152,-0.2785551578262284
mendeley,iscx,random_forest,51,default,0.1044911691770749,0.07759827355099791,-0.05217846721310715,-0.33025708635464734,0.0809692827578461,-0.5006426735218509,0.08519279358360177,-0.41653107712333226
mendeley,iscx,random_forest,51,validation_f1,0.1044911691770749,0.07759827355099791,-0.0019714530813186304,0.013843111404087005,-0.005678033885727685,0.03598971722365041,-0.011073302909781702,0.02505694760820043
mendeley,iscx,random_forest,51,validation_fpr_limit,0.1044911691770749,0.07759827355099791,-0.1862828941010216,-0.2320369149637442,0.3349832668683994,-0.28727506426735216,0.02761907465180402,-0.2600065082980801
mendeley,iscx,random_forest,71,default,0.0723688336509416,0.06062758319169381,-0.05306097411360566,-0.3309162821357944,0.08020507140628219,-0.49871465295629813,0.08389918541025188,-0.415880247315327
mendeley,iscx,random_forest,71,validation_f1,0.0723688336509416,0.06062758319169381,-0.0006319243703006849,0.017798286090969007,-0.005173846403075888,0.03791773778920304,-0.010059725849117074,0.02798568174422389
mendeley,iscx,random_forest,71,validation_fpr_limit,0.0723688336509416,0.06062758319169381,-0.20602524747301626,-0.2544495715227422,0.32397939270939036,-0.29048843187660667,0.018019430176932305,-0.27269768955418155
mendeley,mendeley,always_malicious,11,default,0.0,0.0,0.0,0.0,0.0,0.0,0.0,0.0
mendeley,mendeley,always_malicious,11,validation_f1,0.0,0.0,0.0,0.0,0.0,0.0,0.0,0.0
mendeley,mendeley,always_malicious,11,validation_fpr_limit,0.0,0.0,0.0,0.0,0.0,0.0,0.0,0.0
mendeley,mendeley,always_malicious,23,default,0.0,0.0,0.0,0.0,0.0,0.0,0.0,0.0
mendeley,mendeley,always_malicious,23,validation_f1,0.0,0.0,0.0,0.0,0.0,0.0,0.0,0.0
mendeley,mendeley,always_malicious,23,validation_fpr_limit,0.0,0.0,0.0,0.0,0.0,0.0,0.0,0.0
mendeley,mendeley,always_malicious,37,default,0.0,0.0,0.0,0.0,0.0,0.0,0.0,0.0
mendeley,mendeley,always_malicious,37,validation_f1,0.0,0.0,0.0,0.0,0.0,0.0,0.0,0.0
mendeley,mendeley,always_malicious,37,validation_fpr_limit,0.0,0.0,0.0,0.0,0.0,0.0,0.0,0.0
mendeley,mendeley,always_malicious,51,default,0.0,0.0,0.0,0.0,0.0,0.0,0.0,0.0
mendeley,mendeley,always_malicious,51,validation_f1,0.0,0.0,0.0,0.0,0.0,0.0,0.0,0.0
mendeley,mendeley,always_malicious,51,validation_fpr_limit,0.0,0.0,0.0,0.0,0.0,0.0,0.0,0.0
mendeley,mendeley,always_malicious,71,default,0.0,0.0,0.0,0.0,0.0,0.0,0.0,0.0
mendeley,mendeley,always_malicious,71,validation_f1,0.0,0.0,0.0,0.0,0.0,0.0,0.0,0.0
mendeley,mendeley,always_malicious,71,validation_fpr_limit,0.0,0.0,0.0,0.0,0.0,0.0,0.0,0.0
mendeley,mendeley,ddqn,11,default,-0.1905077224292797,-0.2808046203062725,-0.3365798194797215,-0.490128895415239,-0.11486317802535828,-0.03267857142857142,-0.2287251619933337,-0.2717196691960099
mendeley,mendeley,ddqn,11,validation_f1,-0.1905077224292797,-0.2808046203062725,-0.1986718228649329,-0.030673845651819298,-0.27801884394292886,0.6425000000000001,-0.3365869228259097,0.29073237275130015
mendeley,mendeley,ddqn,11,validation_fpr_limit,-0.1905077224292797,-0.2808046203062725,-0.047618780718520326,-0.030021210637950713,-0.01757560050651852,-0.0008928571428571432,-0.014564176747546731,-0.016113905703811063
mendeley,mendeley,ddqn,23,default,-0.19980329356585302,-0.2816513268302916,-0.26375345985427,-0.3615597976831457,-0.15873941525329494,0.08571428571428572,-0.22363704169871568,-0.1480092079461165
mendeley,mendeley,ddqn,23,validation_f1,-0.19980329356585302,-0.2816513268302916,-0.1718306150684923,0.07488986784140972,-0.27784431480769434,0.7475,-0.3363050660792952,0.3960269417682667
mendeley,mendeley,ddqn,23,validation_fpr_limit,-0.19980329356585302,-0.2816513268302916,-0.09499494888151375,-0.06167400881057268,-0.03529517050318276,-0.0005357142857142852,-0.030569147262429208,-0.03248358768863501
mendeley,mendeley,ddqn,37,default,-0.21892389532883139,-0.3021722694217187,-0.2703741083902087,-0.30592266275085667,-0.23892154273726707,0.2560714285714286,-0.2809970456611427,-0.03759911330889243
mendeley,mendeley,ddqn,37,validation_f1,-0.21892389532883139,-0.3021722694217187,-0.1719170199673007,0.07472670908794254,-0.2778724876719262,0.7475,-0.3363866454560287,0.3959416830079291
mendeley,mendeley,ddqn,37,validation_fpr_limit,-0.21892389532883139,-0.3021722694217187,-0.12462238241287027,-0.07913199543155491,-0.022379406307977745,-0.005714285714285713,-0.03670885485863451,-0.04407877909455197
mendeley,mendeley,ddqn,51,default,-0.21877405858633125,-0.30060802857609037,-0.4243244669576762,-0.5790504160548213,-0.14928274230441152,-0.047142857142857125,-0.2659537794559821,-0.325091653167363
mendeley,mendeley,ddqn,51,validation_f1,-0.21877405858633125,-0.30060802857609037,-0.17121933063489447,0.0717898515255343,-0.2749582651637871,0.7417857142857143,-0.33499793138009004,0.3916787449910478
mendeley,mendeley,ddqn,51,validation_fpr_limit,-0.21877405858633125,-0.30060802857609037,-0.11440215910630258,-0.07195301027900146,-0.01859493080867125,-0.006071428571428571,-0.03294079085378643,-0.04049791116037173
mendeley,mendeley,ddqn,71,default,-0.21608501118351964,-0.30223496899983704,-0.2838078219657081,-0.36400717898515256,-0.2074494309877304,0.1617857142857143,-0.2628964466354333,-0.11296785744735266
mendeley,mendeley,ddqn,71,validation_f1,-0.21608501118351964,-0.30223496899983704,-0.1718306150684923,0.07488986784140972,-0.27784431480769434,0.7475,-0.3363050660792952,0.3960269417682667
mendeley,mendeley,ddqn,71,validation_fpr_limit,-0.21608501118351964,-0.30223496899983704,-0.10273470392414816,-0.06477402512644803,-0.03105967259285336,-0.0028571428571428567,-0.030958441134652626,-0.035211868019439
mendeley,mendeley,dqn,11,default,-0.19710444032744956,-0.28968151994033053,-0.2915408505715139,-0.44477076195137866,-0.07998522174803813,-0.045357142857142846,-0.19970680954711784,-0.25407110580612163
mendeley,mendeley,dqn,11,validation_f1,-0.19710444032744956,-0.28968151994033053,-0.17174419708992328,0.07505302659487678,-0.277816133988397,0.7475,-0.33622348670256164,0.3961122005286043
mendeley,mendeley,dqn,11,validation_fpr_limit,-0.19710444032744956,-0.28968151994033053,-0.06102527429984175,-0.03817914831130691,-0.030849959834372886,0.00017857142857142898,-0.01917885986993928,-0.019865291158666545
mendeley,mendeley,dqn,23,default,-0.1985660448753388,-0.281644902454374,-0.2697335754497573,-0.36988089410996905,-0.1612390958132046,0.08428571428571427,-0.22708330419784173,-0.1530394748060363
mendeley,mendeley,dqn,23,validation_f1,-0.1985660448753388,-0.281644902454374,-0.17033383715185468,0.0876162506118453,-0.2849580831614563,0.7619642857142856,-0.33717401755122023,0.40958308466194904
mendeley,mendeley,dqn,23,validation_fpr_limit,-0.1985660448753388,-0.281644902454374,-0.10584863941762612,-0.06934247022352749,-0.031466588610012725,-0.0019642857142857153,-0.03368909225462091,-0.037172819507204365
mendeley,mendeley,dqn,37,default,-0.2177910243445237,-0.3035339748968603,-0.28841588609386626,-0.36139663892967855,-0.2168845660819272,0.17303571428571426,-0.2672161766076965,-0.10623241538068029
mendeley,mendeley,dqn,37,validation_f1,-0.2177910243445237,-0.3035339748968603,-0.1718306150684923,0.07488986784140972,-0.27784431480769434,0.7475,-0.3363050660792952,0.3960269417682667
mendeley,mendeley,dqn,37,validation_fpr_limit,-0.2177910243445237,-0.3035339748968603,-0.11384755523699291,-0.07195301027900147,-0.015981063271703677,-0.006250000000000002,-0.03285150513950075,-0.04058316992070935
mendeley,mendeley,dqn,51,default,-0.2209834472431932,-0.3016194526023822,-0.43338353268798496,-0.5906346875509871,-0.13142656980719514,-0.06821428571428573,-0.2612102009183508,-0.341205558871174
mendeley,mendeley,dqn,51,validation_f1,-0.2209834472431932,-0.3016194526023822,-0.17130537885608965,0.07211616903246854,-0.27534921833220416,0.7424999999999999,-0.3351919154837658,0.39219029755307355
mendeley,mendeley,dqn,51,validation_fpr_limit,-0.2209834472431932,-0.3016194526023822,-0.12311483301875298,-0.07766356665035078,-0.026138917944495188,-0.00517857142857143,-0.03624249761088971,-0.043055673970500474
mendeley,mendeley,dqn,71,default,-0.2185963057135547,-0.3033993980607417,-0.2981076035482315,-0.3832599118942732,-0.21544284924800305,0.16053571428571428,-0.27189781308999383,-0.12362520248955583
mendeley,mendeley,dqn,71,validation_f1,-0.2185963057135547,-0.3033993980607417,-0.17174419708992328,0.07505302659487678,-0.277816133988397,0.7475,-0.33622348670256164,0.3961122005286043
mendeley,mendeley,dqn,71,validation_fpr_limit,-0.2185963057135547,-0.3033993980607417,-0.10305496602348174,-0.06444770761951378,-0.026580600207101512,-0.0033928571428571436,-0.0305274252383283,-0.03529712677977662
mendeley,mendeley,logistic,11,default,-0.23091900003730703,-0.33170327541197586,-0.2681285699161,-0.2191222059063469,-0.30564290245070636,0.4464285714285714,-0.33277538866745915,0.09864438571063172
mendeley,mendeley,logistic,11,validation_f1,-0.23091900003730703,-0.33170327541197586,-0.1702677176487477,0.08859520313264801,-0.28560878011292046,0.7632142857142857,-0.3373095412908189,0.4106914485463381
mendeley,mendeley,logistic,11,validation_fpr_limit,-0.23091900003730703,-0.33170327541197586,-0.08435483332451077,-0.051231848588676784,-0.011960878627545246,-0.006071428571428571,-0.02258021000862409,-0.029670048597493393
mendeley,mendeley,logistic,23,default,-0.23091900003730703,-0.33170327541197586,-0.2681285699161,-0.2191222059063469,-0.30564290245070636,0.4464285714285714,-0.33277538866745915,0.09864438571063172
mendeley,mendeley,logistic,23,validation_f1,-0.23091900003730703,-0.33170327541197586,-0.1702677176487477,0.08859520313264801,-0.28560878011292046,0.7632142857142857,-0.3373095412908189,0.4106914485463381
mendeley,mendeley,logistic,23,validation_fpr_limit,-0.23091900003730703,-0.33170327541197586,-0.08435483332451077,-0.051231848588676784,-0.011960878627545246,-0.006071428571428571,-0.02258021000862409,-0.029670048597493393
mendeley,mendeley,logistic,37,default,-0.23091900003730703,-0.33170327541197586,-0.2681285699161,-0.2191222059063469,-0.30564290245070636,0.4464285714285714,-0.33277538866745915,0.09864438571063172
mendeley,mendeley,logistic,37,validation_f1,-0.23091900003730703,-0.33170327541197586,-0.1702677176487477,0.08859520313264801,-0.28560878011292046,0.7632142857142857,-0.3373095412908189,0.4106914485463381
mendeley,mendeley,logistic,37,validation_fpr_limit,-0.23091900003730703,-0.33170327541197586,-0.08435483332451077,-0.051231848588676784,-0.011960878627545246,-0.006071428571428571,-0.02258021000862409,-0.029670048597493393
mendeley,mendeley,logistic,51,default,-0.23091900003730703,-0.33170327541197586,-0.2681285699161,-0.2191222059063469,-0.30564290245070636,0.4464285714285714,-0.33277538866745915,0.09864438571063172
mendeley,mendeley,logistic,51,validation_f1,-0.23091900003730703,-0.33170327541197586,-0.1702677176487477,0.08859520313264801,-0.28560878011292046,0.7632142857142857,-0.3373095412908189,0.4106914485463381
mendeley,mendeley,logistic,51,validation_fpr_limit,-0.23091900003730703,-0.33170327541197586,-0.08435483332451077,-0.051231848588676784,-0.011960878627545246,-0.006071428571428571,-0.02258021000862409,-0.029670048597493393
mendeley,mendeley,logistic,71,default,-0.23091900003730703,-0.33170327541197586,-0.2681285699161,-0.2191222059063469,-0.30564290245070636,0.4464285714285714,-0.33277538866745915,0.09864438571063172
mendeley,mendeley,logistic,71,validation_f1,-0.23091900003730703,-0.33170327541197586,-0.1702677176487477,0.08859520313264801,-0.28560878011292046,0.7632142857142857,-0.3373095412908189,0.4106914485463381
mendeley,mendeley,logistic,71,validation_fpr_limit,-0.23091900003730703,-0.33170327541197586,-0.08435483332451077,-0.051231848588676784,-0.011960878627545246,-0.006071428571428571,-0.02258021000862409,-0.029670048597493393
mendeley,mendeley,mlp,11,default,-0.20718837534179924,-0.2829632980211175,-0.36285450707805816,-0.5232501223690651,-0.10151855956075151,-0.05678571428571427,-0.23323220404167544,-0.30053713019012707
mendeley,mendeley,mlp,11,validation_f1,-0.20718837534179924,-0.2829632980211175,-0.1718311996262707,0.07537934410181102,-0.2782120930750984,0.7482142857142857,-0.3364174708062373,0.39662375309063
mendeley,mendeley,mlp,11,validation_fpr_limit,-0.20718837534179924,-0.2829632980211175,-0.12026071389938081,-0.07929515418502202,-0.02280121488529363,-0.0016071428571428573,-0.03884400566393953,-0.04220308636712423
mendeley,mendeley,mlp,23,default,-0.2128814244274797,-0.2928299885788872,-0.3700535890009501,-0.5364659813999022,-0.09392818867783548,-0.06964285714285715,-0.23341156212852254,-0.3135817205217836
mendeley,mendeley,mlp,23,validation_f1,-0.2128814244274797,-0.2928299885788872,-0.19418931424659458,-0.04340022842225477,-0.2684470327531364,0.5928571428571429,-0.31812868563969876,0.26038025407110577
mendeley,mendeley,mlp,23,validation_fpr_limit,-0.2128814244274797,-0.2928299885788872,-0.13984046110552892,-0.09332680698319465,-0.00016307893020217623,-0.005535714285714286,-0.043895546348740266,-0.051411032483587686
mendeley,mendeley,mlp,37,default,-0.20615359715407588,-0.2788593163648231,-0.24250850287030723,-0.15141132321749062,-0.2915397310579223,0.54875,-0.3500806616087453,0.18288004092420496
mendeley,mendeley,mlp,37,validation_f1,-0.20615359715407588,-0.2788593163648231,-0.2075831022187229,-0.07097405775819876,-0.2753623621709521,0.5905357142857143,-0.3307548860219566,0.2448631596896581
mendeley,mendeley,mlp,37,validation_fpr_limit,-0.20615359715407588,-0.2788593163648231,-0.13504906181285295,-0.08777940936531244,-0.050604245819649285,0.0003571428571428562,-0.044068276111227656,-0.04569869554096684
mendeley,mendeley,mlp,51,default,-0.21146704407441996,-0.28346002901894973,-0.2578416046802029,-0.3405123184858868,-0.18310225818928327,0.1439285714285714,-0.24222044495722916,-0.10921647199249718
mendeley,mendeley,mlp,51,validation_f1,-0.21146704407441996,-0.28346002901894973,-0.20378202138795543,-0.06412139011257956,-0.27272939481595804,0.59,-0.32706069505628976,0.2481882513428254
mendeley,mendeley,mlp,51,validation_fpr_limit,-0.21146704407441996,-0.28346002901894973,-0.14733272452207688,-0.09658998205253712,-0.06290673526335877,0.0021428571428571443,-0.049366419597697164,-0.04945008099582232
mendeley,mendeley,mlp,71,default,-0.2109096674256754,-0.2867399715637603,-0.2533445341020415,-0.2781856746614456,-0.2322998646243205,0.28214285714285714,-0.2801642659021514,-0.010657345042203059
mendeley,mendeley,mlp,71,validation_f1,-0.2109096674256754,-0.2867399715637603,-0.17239776103924476,0.07701093163648232,-0.2804298953640836,0.7521428571428571,-0.3375659627531874,0.3993520334214341
mendeley,mendeley,mlp,71,validation_fpr_limit,-0.2109096674256754,-0.2867399715637603,-0.14220404829726188,-0.09365312449012889,-0.02476375165450795,-0.0023214285714285715,-0.04566584795935025,-0.05004689231818569
mendeley,mendeley,random_forest,11,default,-0.34167013609721686,-0.43529817262196135,-0.3340079730502118,-0.36775983031489645,-0.3046160063615563,0.3444642857142857,-0.3561120580145911,-0.02770909710972802
mendeley,mendeley,random_forest,11,validation_f1,-0.34167013609721686,-0.43529817262196135,-0.1580231383115801,0.02088432044379185,-0.2197795873315691,0.6280357142857143,-0.3035756969209612,0.310768181430642
mendeley,mendeley,random_forest,11,validation_fpr_limit,-0.34167013609721686,-0.43529817262196135,-0.17707327071079215,-0.1124163811388481,-0.036569464201043234,-0.0003571428571428571,-0.05602961914085258,-0.058913803393298665
mendeley,mendeley,random_forest,23,default,-0.34010380556837283,-0.43387813789245505,-0.32112294140719044,-0.34883341491271,-0.2969559214659423,0.3460714285714286,-0.34745242174206925,-0.01705175206752496
mendeley,mendeley,random_forest,23,validation_f1,-0.34010380556837283,-0.43387813789245505,-0.1586354672470245,0.024310654266601395,-0.2227132652685646,0.635,-0.3053446728666993,0.3158837070508995
mendeley,mendeley,random_forest,23,validation_fpr_limit,-0.34010380556837283,-0.43387813789245505,-0.1841155733148822,-0.11665850872899332,-0.035805764674124996,-0.0012500000000000002,-0.057704254364496665,-0.06155682496376502
mendeley,mendeley,random_forest,37,default,-0.33757173097701487,-0.42953447311376847,-0.3200763744940339,-0.34654919236417026,-0.2969132741664229,0.3467857142857143,-0.3466674533249422,-0.01551709438144766
mendeley,mendeley,random_forest,37,validation_f1,-0.33757173097701487,-0.42953447311376847,-0.1561261904637422,0.02088432044379185,-0.21685270500750453,0.6223214285714286,-0.3007185540638184,0.30803990109983803
mendeley,mendeley,random_forest,37,validation_fpr_limit,-0.33757173097701487,-0.42953447311376847,-0.1702423956039011,-0.10784793604176864,-0.029848711476738066,-0.0016071428571428573,-0.053120396592312824,-0.05712336942620854
mendeley,mendeley,random_forest,51,default,-0.33764562818057364,-0.4334187440272243,-0.32029706052048,-0.34720182737803884,-0.29678604996515756,0.3464285714285714,-0.3468151994033052,-0.01602864694347339
mendeley,mendeley,random_forest,51,validation_f1,-0.33764562818057364,-0.4334187440272243,-0.1587767800428982,0.02414749551313433,-0.22283789139019972,0.6351785714285714,-0.3055155379577186,0.3158837070508995
mendeley,mendeley,random_forest,51,validation_fpr_limit,-0.33764562818057364,-0.4334187440272243,-0.18095369134796757,-0.11535323870125631,-0.03117328303694389,-0.0016071428571428573,-0.05687304792205672,-0.061045272401739285
mendeley,mendeley,random_forest,71,default,-0.34106537603018605,-0.4347925407314174,-0.32074883428135914,-0.3485070974057758,-0.29654568492196287,0.3455357142857143,-0.34702140584574503,-0.017137010827862564
mendeley,mendeley,random_forest,71,validation_f1,-0.34106537603018605,-0.4347925407314174,-0.15927576302058055,0.025779083047805518,-0.2245711800128204,0.6391071428571429,-0.3066640299046687,0.3186119873817035
mendeley,mendeley,random_forest,71,validation_fpr_limit,-0.34106537603018605,-0.4347925407314174,-0.1987220980380478,-0.12807962147169194,-0.031647609438932855,-0.0019642857142857144,-0.06305766787870315,-0.06786597322874927
