source,target,seed,operating_point,average_precision_ddqn_minus_dqn,roc_auc_ddqn_minus_dqn,f1_ddqn_minus_dqn,precision_ddqn_minus_dqn,recall_ddqn_minus_dqn,fpr_ddqn_minus_dqn,balanced_accuracy_ddqn_minus_dqn
iscx,iscx,11,default,-5.2152366144531115e-05,-0.0001082419807731938,0.0013726689520774382,0.003962075616387395,-0.002636783124588038,-0.007069408740359884,0.002216312807886034
iscx,iscx,11,validation_f1,-5.2152366144531115e-05,-0.0001082419807731938,-0.00077214926285607,-0.00014601005184844418,-0.0013183915622939635,0.0,-0.0006591957811469262
iscx,iscx,11,validation_fpr_limit,-5.2152366144531115e-05,-0.0001082419807731938,0.00581777610905454,0.00023529648615527865,0.007251153592616966,0.0,0.003625576796308483
iscx,iscx,23,default,1.7940047074560539e-06,4.893130637684262e-05,0.0,0.0,0.0,0.0,0.0
iscx,iscx,23,validation_f1,1.7940047074560539e-06,4.893130637684262e-05,-0.00045016386745400094,-0.0013934048954910017,0.0006591957811470373,0.0019280205655526905,-0.0006344123922028544
iscx,iscx,23,validation_fpr_limit,1.7940047074560539e-06,4.893130637684262e-05,0.0010477428194356486,4.169691737143655e-05,0.0013183915622940745,0.0,0.0006591957811470373
iscx,iscx,37,default,-0.0005413287850076776,-0.00041115006786840436,0.0,0.0,0.0,0.0,0.0
iscx,iscx,37,validation_f1,-0.0005413287850076776,-0.00041115006786840436,-0.012102583455464222,-0.07935513892509571,0.056690837178642095,0.10089974293059124,-0.022104452875974623
iscx,iscx,37,validation_fpr_limit,-0.0005413287850076776,-0.00041115006786840436,-0.020982608961331417,-0.0007741679348904906,-0.02570863546473301,0.0,-0.01285431773236645
iscx,iscx,51,default,-0.0015582300801113558,-0.0013274999872905369,-5.0399533842004907e-05,0.03185497137592941,-0.04218852999340805,-0.05526992287917734,0.006540696442884686
iscx,iscx,51,validation_f1,-0.0015582300801113558,-0.0013274999872905369,-0.001784112336480237,-0.0038040715678817616,0.0006591957811469262,0.005141388174807221,-0.0022410961968301057
iscx,iscx,51,validation_fpr_limit,-0.0015582300801113558,-0.0013274999872905369,-0.04414666232914577,-0.0008901799100450303,-0.05009887936717211,0.0,-0.025049439683586083
iscx,iscx,71,default,4.3669053348738274e-05,0.00013027165983447997,0.0,0.0,0.0,0.0,0.0
iscx,iscx,71,validation_f1,4.3669053348738274e-05,0.00013027165983447997,0.0,0.0,0.0,0.0,0.0
iscx,iscx,71,validation_fpr_limit,4.3669053348738274e-05,0.00013027165983447997,-0.001080936152798584,-4.018781103687363e-05,-0.0013183915622939635,0.0,-0.0006591957811469262
iscx,mendeley,11,default,-0.0007828821822457588,-0.00045483416078129224,-0.0060640636841231554,-0.0022869616540807103,-0.012889541523902759,-0.0055357142857141994,-0.0036769136190942797
iscx,mendeley,11,validation_f1,-0.0007828821822457588,-0.00045483416078129224,-0.00021238559640790466,-0.00013135154372800883,-0.0003263175069342372,0.0,-0.0001631587534671186
iscx,mendeley,11,validation_fpr_limit,-0.0007828821822457588,-0.00045483416078129224,0.002139224094943659,0.0014634853323455266,0.0021210637950725975,0.0,0.0010605318975362987
iscx,mendeley,23,default,0.002241884928914306,0.0010508880497867024,-0.0004422388516371889,-0.00022081529028850078,-0.0008157937673355375,-0.00017857142857147235,-0.0003186111693821436
iscx,mendeley,23,validation_f1,0.002241884928914306,0.0010508880497867024,0.00039856037320396,0.00023884274581453813,0.0006526350138684744,0.0,0.0003263175069342372
iscx,mendeley,23,validation_fpr_limit,0.002241884928914306,0.0010508880497867024,0.0026179556142591487,0.001777607171035367,0.0026105400554739533,0.0,0.00130527002773706
iscx,mendeley,37,default,0.00520831356396545,0.005676613523529772,0.00028250757005421345,0.00016310797599827787,0.0004894762604014113,0.0,0.0002447381302007612
iscx,mendeley,37,validation_f1,0.00520831356396545,0.005676613523529772,0.03782831095238082,0.013269168935134301,0.07554250285527819,0.04160714285714284,0.016967679999067675
iscx,mendeley,37,validation_fpr_limit,0.00520831356396545,0.005676613523529772,-0.01344278749393285,0.0212477584181211,-0.021210637950726086,-0.03267857142857142,0.00573396673892268
iscx,mendeley,51,default,-0.00254179225103468,-0.000510832575810527,-0.012475149768509275,-0.006141536807737991,-0.02316854299233151,-0.005357142857142838,-0.008905700067594391
iscx,mendeley,51,validation_f1,-0.00254179225103468,-0.000510832575810527,0.004782938821797478,0.002716515944404141,0.008157937673356153,0.000535714285714306,0.003811111693820868
iscx,mendeley,51,validation_fpr_limit,-0.00254179225103468,-0.000510832575810527,-0.03139281438576669,0.04795223524975145,-0.04486865720345895,-0.06678571428571428,0.010958528541127666
iscx,mendeley,71,default,-0.0004194845422432758,-0.001159592569284218,-0.00010153214161967572,-6.126117451477064e-05,-0.00016315875346717412,0.0,-8.157937673358706e-05
iscx,mendeley,71,validation_f1,-0.0004194845422432758,-0.001159592569284218,0.0,0.0,0.0,0.0,0.0
iscx,mendeley,71,validation_fpr_limit,-0.0004194845422432758,-0.001159592569284218,0.0001659855162766677,0.00011551716743873897,0.00016315875346717412,0.0,8.157937673369808e-05
mendeley,iscx,11,default,-0.027447881290114107,-0.03790333376827837,-0.09301143653041544,-0.019442441720740167,-0.12326961107448908,-0.0025706940874035966,-0.060349458493542674
mendeley,iscx,11,validation_f1,-0.027447881290114107,-0.03790333376827837,0.0027447799882320822,0.032377214230056184,-0.10085695451549115,-0.2101542416452442,0.05464864356487653
mendeley,iscx,11,validation_fpr_limit,-0.027447881290114107,-0.03790333376827837,-0.0017215819425183132,-0.0005397236614852474,-0.001318391562294019,0.0,-0.0006591957811470373
mendeley,iscx,23,default,0.0023358876329193645,0.0005693824742041276,0.009022491932175192,0.0010819330537226168,0.015161502966380969,0.0012853470437017983,0.006938077961339495
mendeley,iscx,23,validation_f1,0.0023358876329193645,0.0005693824742041276,0.0,0.0,0.0,0.0,0.0
mendeley,iscx,23,validation_fpr_limit,0.0023358876329193645,0.0005693824742041276,0.0034359369879609636,0.001068340399959955,0.0026367831245880102,0.0,0.0013183915622939635
mendeley,iscx,37,default,-0.002544061647408946,-0.0034925514265913282,0.011015159153729748,-0.022065305699123572,0.037574159525379014,0.026992287917737792,0.005290935803820562
mendeley,iscx,37,validation_f1,-0.002544061647408946,-0.0034925514265913282,0.0,0.0,0.0,0.0,0.0
mendeley,iscx,37,validation_fpr_limit,-0.002544061647408946,-0.0034925514265913282,0.0,0.0,0.0,0.0,0.0
mendeley,iscx,51,default,-0.0019099140814886617,-6.31235034646016e-05,0.005235301886731714,-0.03721734842985691,0.022412656558997934,0.026992287917737792,-0.002289815679369922
mendeley,iscx,51,validation_f1,-0.0019099140814886617,-6.31235034646016e-05,0.0,0.0,0.0,0.0,0.0
mendeley,iscx,51,validation_fpr_limit,-0.0019099140814886617,-6.31235034646016e-05,0.0,0.0,0.0,0.0,0.0
mendeley,iscx,71,default,-0.008200442574957889,-0.013246191831056353,-0.0034902826253925268,-0.014228499765940539,0.004614370468028928,0.014138817480719795,-0.004762223506345364
mendeley,iscx,71,validation_f1,-0.008200442574957889,-0.013246191831056353,0.0,0.0,0.0,0.0,0.0
mendeley,iscx,71,validation_fpr_limit,-0.008200442574957889,-0.013246191831056353,0.0017549788631768815,0.0005554554734882311,0.0013183915622939912,0.0,0.0006591957811470373
mendeley,mendeley,11,default,0.005736069047916792,0.008699566463883368,-0.04503896890820758,-0.034877956277320155,-0.04535813346386036,0.012678571428571428,-0.029018352446215867
mendeley,mendeley,11,validation_f1,0.005736069047916792,0.008699566463883368,-0.026927625775009623,-0.00020270995453186558,-0.10572687224669608,-0.10499999999999998,-0.00036343612334804876
mendeley,mendeley,11,validation_fpr_limit,0.005736069047916792,0.008699566463883368,0.00989611502129073,0.004768344204627795,0.006036873878283569,0.00017857142857142724,0.0029291512248561524
mendeley,mendeley,23,default,-0.0008302134751574375,0.00012467076894395746,0.006245649195461445,0.002981384862158487,0.008321096426823327,0.0007142857142857229,0.003803405356268885
mendeley,mendeley,23,validation_f1,-0.0008302134751574375,0.00012467076894395746,0.0,0.0,0.0,0.0,0.0
mendeley,mendeley,23,validation_fpr_limit,-0.0008302134751574375,0.00012467076894395746,0.0002386001808867555,-0.0011083369344280225,0.0001631587534671325,0.00017857142857142898,-7.7063375520936e-06
mendeley,mendeley,37,default,0.001088534441922251,0.0018822693051767647,0.017865546781518415,-0.022489361101344585,0.055637134932289056,0.08375000000000005,-0.014056432533855467
mendeley,mendeley,37,validation_f1,0.001088534441922251,0.0018822693051767647,0.0,0.0,0.0,0.0,0.0
mendeley,mendeley,37,validation_fpr_limit,0.001088534441922251,0.0018822693051767647,0.0,0.0,0.0,0.0,0.0
mendeley,mendeley,51,default,-9.597610069356222e-06,0.0004569173484371136,0.011356211151889839,-0.017050520765368615,0.015663240332843886,0.020892857142857157,-0.002614808405006608
mendeley,mendeley,51,validation_f1,-9.597610069356222e-06,0.0004569173484371136,0.0,0.0,0.0,0.0,0.0
mendeley,mendeley,51,validation_fpr_limit,-9.597610069356222e-06,0.0004569173484371136,0.0,0.0,0.0,0.0,0.0
mendeley,mendeley,71,default,0.0021481803220447793,0.001021228119245543,0.014496948468021076,0.007959613127783371,0.019742209169521963,0.0014285714285714457,0.00915681887047537
mendeley,mendeley,71,validation_f1,0.0021481803220447793,0.001021228119245543,0.0,0.0,0.0,0.0,0.0
mendeley,mendeley,71,validation_fpr_limit,0.0021481803220447793,0.001021228119245543,0.007320385153485293,-0.005834605802459203,0.004405286343612327,0.0012500000000000011,0.0015776431718061978
