source,target,model,operating_point,average_precision_mean,average_precision_std,average_precision_count,roc_auc_mean,roc_auc_std,roc_auc_count,f1_mean,f1_std,f1_count,precision_mean,precision_std,precision_count,recall_mean,recall_std,recall_count,fpr_mean,fpr_std,fpr_count,balanced_accuracy_mean,balanced_accuracy_std,balanced_accuracy_count
iscx,iscx,always_malicious,default,0.4936544093719492,0.0,5,0.5,0.0,5,0.6610021786492375,0.0,5,0.4936544093719492,0.0,5,1.0,0.0,5,1.0,0.0,5,0.5,0.0,5
iscx,iscx,always_malicious,validation_f1,0.4936544093719492,0.0,5,0.5,0.0,5,0.6610021786492375,0.0,5,0.4936544093719492,0.0,5,1.0,0.0,5,1.0,0.0,5,0.5,0.0,5
iscx,iscx,always_malicious,validation_fpr_limit,0.4936544093719492,0.0,5,0.5,0.0,5,0.0,0.0,5,0.0,0.0,5,0.0,0.0,5,0.0,0.0,5,0.5,0.0,5
iscx,iscx,ddqn,default,0.9704044574099202,0.0005408852950280145,5,0.9633494771340405,0.0007776852711152445,5,0.9083348148539796,0.0018174969528674742,5,0.9362090514698252,0.017481285024345806,5,0.8825313117996044,0.015966968309399688,5,0.059125964010282785,0.01818323181336132,5,0.9117026738946608,0.0020510359260080195,5
iscx,iscx,ddqn,validation_f1,0.9704044574099202,0.0005408852950280145,5,0.9633494771340405,0.0007776852711152445,5,0.9031878093253505,0.00724664800055819,5,0.8964762065602979,0.02961964735607645,5,0.9110085695451549,0.017540058926367917,5,0.10398457583547557,0.03674328140038864,5,0.9035119968548397,0.009697785579387868,5
iscx,iscx,ddqn,validation_fpr_limit,0.9704044574099202,0.0005408852950280145,5,0.9633494771340405,0.0007776852711152445,5,0.8159549237589433,0.022291188782552995,5,0.9898156774937545,0.004808301104868579,5,0.6946605141727094,0.03333797533592591,5,0.007069408740359898,0.003578254731895901,5,0.8437955527161748,0.015425627240097302,5
iscx,iscx,dqn,default,0.9704044574099202,0.0005408852950280145,5,0.9633494771340405,0.0007776852711152445,5,0.9083348148539796,0.0018174969528674742,5,0.9362090514698252,0.017481285024345806,5,0.8825313117996044,0.015966968309399688,5,0.059125964010282785,0.01818323181336132,5,0.9117026738946608,0.0020510359260080195,5
iscx,iscx,dqn,validation_f1,0.9704044574099202,0.0005408852950280145,5,0.9633494771340405,0.0007776852711152445,5,0.9031878093253505,0.00724664800055819,5,0.8964762065602979,0.02961964735607645,5,0.9110085695451549,0.017540058926367917,5,0.10398457583547557,0.03674328140038864,5,0.9035119968548397,0.009697785579387868,5
iscx,iscx,dqn,validation_fpr_limit,0.9704044574099202,0.0005408852950280145,5,0.9633494771340405,0.0007776852711152445,5,0.8159549237589433,0.022291188782552995,5,0.9898156774937545,0.004808301104868579,5,0.6946605141727094,0.03333797533592591,5,0.007069408740359898,0.003578254731895901,5,0.8437955527161748,0.015425627240097302,5
iscx,iscx,logistic,default,0.9406952918396636,0.0,5,0.934553212689773,0.0,5,0.8366235534377127,0.0,5,0.8648838845883182,0.0,5,0.8101516150296637,0.0,5,0.12339331619537275,0.0,5,0.8433791494171455,0.0,5
iscx,iscx,logistic,validation_f1,0.9406952918396636,0.0,5,0.934553212689773,0.0,5,0.8357504215851602,0.0,5,0.8556629834254144,0.0,5,0.8167435728411337,0.0,5,0.13431876606683804,0.0,5,0.841212403387148,0.0,5
iscx,iscx,logistic,validation_fpr_limit,0.9406952918396636,0.0,5,0.934553212689773,0.0,5,0.6818965517241379,0.0,5,0.9850560398505606,0.0,5,0.5214238628872775,0.0,5,0.007712082262210797,0.0,5,0.7568558903125333,0.0,5
iscx,iscx,mlp,default,0.9724780366674153,0.00046316920324396846,5,0.9665442889751624,0.000574056636663687,5,0.9070128294424699,0.0038554098315964113,5,0.9420487367071079,0.015957953672899493,5,0.8750164798945287,0.01987778618252308,5,0.05295629820051414,0.016166784250416576,5,0.9110300908470073,0.002391852571536686,5
iscx,iscx,mlp,validation_f1,0.9724780366674153,0.00046316920324396846,5,0.9665442889751624,0.000574056636663687,5,0.8973325844894987,0.007139709919785853,5,0.8653605165944084,0.02712116338876966,5,0.9326301911667766,0.015553388847994195,5,0.14267352185089974,0.033335494783026796,5,0.8949783346579384,0.009213930437406533,5
iscx,iscx,mlp,validation_fpr_limit,0.9724780366674153,0.00046316920324396846,5,0.9665442889751624,0.000574056636663687,5,0.8442611891514616,0.006846321203581539,5,0.9886970843654476,0.0019444027344317424,5,0.7367172050098879,0.011270127437829184,5,0.008226221079691516,0.0015343620033821752,5,0.8642454919650981,0.005063426247160589,5
iscx,iscx,random_forest,default,0.9758921196144014,0.00040735839656150935,5,0.9697733739131319,0.0005104776706699988,5,0.9179269235346711,0.004813572916640328,5,0.9497459076137782,0.009503138260997008,5,0.8882003955174687,0.0009997199003363975,5,0.04588688946015425,0.009072856808010695,5,0.9211567530286573,0.004887729235644111,5
iscx,iscx,random_forest,validation_f1,0.9758921196144014,0.00040735839656150935,5,0.9697733739131319,0.0005104776706699988,5,0.8930607410956798,0.0009085255101411664,5,0.8499352433455479,0.002086935649461756,5,0.9408042188529994,0.0022547964899785194,5,0.16195372750642673,0.002909828129221529,5,0.8894252456732863,0.0010023889317526812,5
iscx,iscx,random_forest,validation_fpr_limit,0.9758921196144014,0.00040735839656150935,5,0.9697733739131319,0.0005104776706699988,5,0.8915184394741112,0.0025571342025727454,5,0.988143542028473,0.0021499115669015275,5,0.8121292023731048,0.005455815872526981,5,0.009511568123393316,0.0017833466485233432,5,0.9013088171248558,0.0019733662520612905,5
iscx,mendeley,always_malicious,default,0.5225509421093018,0.0,5,0.5,0.0,5,0.6864150520775003,0.0,5,0.5225509421093018,0.0,5,1.0,0.0,5,1.0,0.0,5,0.5,0.0,5
iscx,mendeley,always_malicious,validation_f1,0.5225509421093018,0.0,5,0.5,0.0,5,0.6864150520775003,0.0,5,0.5225509421093018,0.0,5,1.0,0.0,5,1.0,0.0,5,0.5,0.0,5
iscx,mendeley,always_malicious,validation_fpr_limit,0.5225509421093018,0.0,5,0.5,0.0,5,0.0,0.0,5,0.0,0.0,5,0.0,0.0,5,0.0,0.0,5,0.5,0.0,5
iscx,mendeley,ddqn,default,0.3783843245725676,0.03356898544586866,5,0.17212166689975059,0.044016724483244556,5,0.6369621703122037,0.004405850615148136,5,0.4980556178041944,0.0021329626138204146,5,0.8833414912710067,0.010243329525601223,5,0.9742857142857142,0.00300138148463783,5,0.45452788849264614,0.0036329485708493318,5
iscx,mendeley,ddqn,validation_f1,0.3783843245725676,0.03356898544586866,5,0.17212166689975059,0.044016724483244556,5,0.647379353336486,0.004715867319793167,5,0.5031795203721575,0.0022550717746754787,5,0.9074563550334476,0.011241034244514338,5,0.9805714285714286,0.0032276507852982863,5,0.4634424632310095,0.004010307558044604,5
iscx,mendeley,ddqn,validation_fpr_limit,0.3783843245725676,0.03356898544586866,5,0.17212166689975059,0.044016724483244556,5,0.5834257629319314,0.004470864069300763,5,0.46815206122949676,0.0025472582712981638,5,0.7740251264480339,0.008784852749859254,5,0.9623571428571429,0.001118033988749874,5,0.40583399179544555,0.0038700139814786317,5
iscx,mendeley,dqn,default,0.3783843245725676,0.03356898544586866,5,0.17212166689975059,0.044016724483244556,5,0.6369621703122037,0.004405850615148136,5,0.4980556178041944,0.0021329626138204146,5,0.8833414912710067,0.010243329525601223,5,0.9742857142857142,0.00300138148463783,5,0.45452788849264614,0.0036329485708493318,5
iscx,mendeley,dqn,validation_f1,0.3783843245725676,0.03356898544586866,5,0.17212166689975059,0.044016724483244556,5,0.647379353336486,0.004715867319793167,5,0.5031795203721575,0.0022550717746754787,5,0.9074563550334476,0.011241034244514338,5,0.9805714285714286,0.0032276507852982863,5,0.4634424632310095,0.004010307558044604,5
iscx,mendeley,dqn,validation_fpr_limit,0.3783843245725676,0.03356898544586866,5,0.17212166689975059,0.044016724483244556,5,0.5834257629319314,0.004470864069300763,5,0.46815206122949676,0.0025472582712981638,5,0.7740251264480339,0.008784852749859254,5,0.9623571428571429,0.001118033988749874,5,0.40583399179544555,0.0038700139814786317,5
iscx,mendeley,logistic,default,0.3535363665992691,0.0,5,0.12712840593897862,0.0,5,0.6199248792702557,0.0,5,0.48844419391206306,0.0,5,0.848262359275575,0.0,5,0.9723214285714284,0.0,5,0.4379704653520733,0.0,5
iscx,mendeley,logistic,validation_f1,0.3535363665992691,0.0,5,0.12712840593897862,0.0,5,0.6246734742341487,0.0,5,0.4909939337377508,0.0,5,0.8583782019905367,0.0,5,0.9739285714285714,0.0,5,0.4422248152809827,0.0,5
iscx,mendeley,logistic,validation_fpr_limit,0.3535363665992691,0.0,5,0.12712840593897862,0.0,5,0.5213785954910599,0.0,5,0.43236273772429357,0.0,5,0.656550823951705,0.0,5,0.9433928571428571,0.0,5,0.35657898340442395,0.0,5
iscx,mendeley,mlp,default,0.34394976159567764,0.000578151414119632,5,0.11462749399808872,0.0011286174170180739,5,0.6342318367197611,0.004695415007635718,5,0.4966890157460425,0.0025824891053650404,5,0.877141458639256,0.009912481761516758,5,0.9727499999999999,0.001133612160578836,5,0.45219572931962804,0.004480468137968443,5
iscx,mendeley,mlp,validation_f1,0.34394976159567764,0.000578151414119632,5,0.11462749399808872,0.0011286174170180739,5,0.6505635543401187,0.003982999049254959,5,0.5044934432183802,0.001892225021012357,5,0.9157121879588839,0.009530901510962145,5,0.9843214285714286,0.002863831456675636,5,0.46569537969372765,0.00335080952014534,5
iscx,mendeley,mlp,validation_fpr_limit,0.34394976159567764,0.000578151414119632,5,0.11462749399808872,0.0011286174170180739,5,0.5981518711548687,0.0035571679561648764,5,0.4765778842686729,0.0020341446069423335,5,0.8030021210637951,0.007063662348002599,5,0.9652142857142858,0.0007405871911902729,5,0.4188939176747547,0.003242180842007653,5
iscx,mendeley,random_forest,default,0.43058211756870624,0.012723306461961268,5,0.3206839993706734,0.021052668427880825,5,0.6469030418732968,0.0010496579615212644,5,0.5031077306526814,0.0005276427223182273,5,0.9057921357480829,0.0024106671315700565,5,0.9791071428571427,0.0006055651770647736,5,0.46334249644547,0.0009350882267698536,5
iscx,mendeley,random_forest,validation_f1,0.43058211756870624,0.012723306461961268,5,0.3206839993706734,0.021052668427880825,5,0.6599678730811623,0.00032407997099257645,5,0.5097975786727378,0.00011289632340412702,5,0.9355522923804862,0.0009301480054650866,5,0.9845714285714287,0.0005590169943749976,5,0.4754904319045288,0.00019870399020979816,5
iscx,mendeley,random_forest,validation_fpr_limit,0.43058211756870624,0.012723306461961268,5,0.3206839993706734,0.021052668427880825,5,0.6142143568196815,0.0009192132950132769,5,0.48553393731795874,0.0004950932154568142,5,0.8356991352586066,0.0019408349246810533,5,0.9691428571428572,0.00040720550896398885,5,0.4332781390578747,0.0008050502955757678,5
mendeley,iscx,always_malicious,default,0.4936544093719492,0.0,5,0.5,0.0,5,0.6610021786492375,0.0,5,0.4936544093719492,0.0,5,1.0,0.0,5,1.0,0.0,5,0.5,0.0,5
mendeley,iscx,always_malicious,validation_f1,0.4936544093719492,0.0,5,0.5,0.0,5,0.6610021786492375,0.0,5,0.4936544093719492,0.0,5,1.0,0.0,5,1.0,0.0,5,0.5,0.0,5
mendeley,iscx,always_malicious,validation_fpr_limit,0.4936544093719492,0.0,5,0.5,0.0,5,0.0,0.0,5,0.0,0.0,5,0.0,0.0,5,0.0,0.0,5,0.5,0.0,5
mendeley,iscx,ddqn,default,0.5957690012374233,0.05159913301830788,5,0.5359872600671397,0.04063239524870656,5,0.6610021786492375,0.0,5,0.4936544093719492,0.0,5,1.0,0.0,5,1.0,0.0,5,0.5,0.0,5
mendeley,iscx,ddqn,validation_f1,0.5957690012374233,0.05159913301830788,5,0.5359872600671397,0.04063239524870656,5,0.6610021786492375,0.0,5,0.4936544093719492,0.0,5,1.0,0.0,5,1.0,0.0,5,0.5,0.0,5
mendeley,iscx,ddqn,validation_fpr_limit,0.5957690012374233,0.05159913301830788,5,0.5359872600671397,0.04063239524870656,5,0.3688305277088154,0.09625437218985422,5,0.5956181830580919,0.139215852091771,5,0.2711931443638761,0.08347173136148203,5,0.18251928020565553,0.08285380343814262,5,0.5443369320791103,0.05903051419192383,5
mendeley,iscx,dqn,default,0.5957690012374233,0.05159913301830788,5,0.5359872600671397,0.04063239524870656,5,0.6610021786492375,0.0,5,0.4936544093719492,0.0,5,1.0,0.0,5,1.0,0.0,5,0.5,0.0,5
mendeley,iscx,dqn,validation_f1,0.5957690012374233,0.05159913301830788,5,0.5359872600671397,0.04063239524870656,5,0.6610021786492375,0.0,5,0.4936544093719492,0.0,5,1.0,0.0,5,1.0,0.0,5,0.5,0.0,5
mendeley,iscx,dqn,validation_fpr_limit,0.5957690012374233,0.05159913301830788,5,0.5359872600671397,0.04063239524870656,5,0.3688305277088154,0.09625437218985422,5,0.5956181830580919,0.139215852091771,5,0.2711931443638761,0.08347173136148203,5,0.18251928020565553,0.08285380343814262,5,0.5443369320791103,0.05903051419192383,5
mendeley,iscx,logistic,default,0.5157366905363512,0.0,5,0.33677998959521316,0.0,5,0.6611426079372001,0.0,5,0.4939719778429456,0.0,5,0.9993408042188531,0.0,5,0.9980719794344474,0.0,5,0.5006344123922029,0.0,5
mendeley,iscx,logistic,validation_f1,0.5157366905363512,0.0,5,0.33677998959521316,0.0,5,0.6612903225806451,0.0,5,0.49397590361445787,0.0,5,1.0,0.0,5,0.9987146529562982,0.0,5,0.5006426735218509,0.0,5
mendeley,iscx,logistic,validation_fpr_limit,0.5157366905363512,0.0,5,0.33677998959521316,0.0,5,0.32940185341196293,0.0,5,0.4562427071178529,0.0,5,0.25774555042847724,0.0,5,0.2994858611825193,0.0,5,0.4791298446229789,0.0,5
mendeley,iscx,mlp,default,0.6266318009706687,0.010350578550517926,5,0.5611815448905548,0.016922823461941086,5,0.6610021786492375,0.0,5,0.4936544093719492,0.0,5,1.0,0.0,5,1.0,0.0,5,0.5,0.0,5
mendeley,iscx,mlp,validation_f1,0.6266318009706687,0.010350578550517926,5,0.5611815448905548,0.016922823461941086,5,0.6610021786492375,0.0,5,0.4936544093719492,0.0,5,1.0,0.0,5,1.0,0.0,5,0.5,0.0,5
mendeley,iscx,mlp,validation_fpr_limit,0.6266318009706687,0.010350578550517926,5,0.5611815448905548,0.016922823461941086,5,0.4705752095919992,0.01418748289528191,5,0.6833905725255327,0.07227214120923345,5,0.3612392880685563,0.019847157834310614,5,0.1704370179948586,0.07198718054170218,5,0.5954011350368489,0.029040091916753673,5
mendeley,iscx,random_forest,default,0.5886728599100832,0.004409404823038751,5,0.5327190300840686,0.006593215132857155,5,0.6610021786492375,0.0,5,0.4936544093719492,0.0,5,1.0,0.0,5,1.0,0.0,5,0.5,0.0,5
mendeley,iscx,random_forest,validation_f1,0.5886728599100832,0.004409404823038751,5,0.5327190300840686,0.006593215132857155,5,0.6610597948774919,7.889426973330638e-05,5,0.4937186872898362,8.801616394042321e-05,5,1.0,0.0,5,0.9997429305912597,0.0003520067850289917,5,0.5001285347043701,0.00017600339251451694,5
mendeley,iscx,random_forest,validation_fpr_limit,0.5886728599100832,0.004409404823038751,5,0.5327190300840686,0.006593215132857155,5,0.3589997914216817,0.0047435627595953335,5,0.4495785757066798,0.011217616885539234,5,0.2988793671720501,0.004387491441606787,5,0.3570694087403599,0.01700718635631636,5,0.4709049792158451,0.008052852033007136,5
mendeley,mendeley,always_malicious,default,0.5225509421093018,0.0,5,0.5,0.0,5,0.6864150520775003,0.0,5,0.5225509421093018,0.0,5,1.0,0.0,5,1.0,0.0,5,0.5,0.0,5
mendeley,mendeley,always_malicious,validation_f1,0.5225509421093018,0.0,5,0.5,0.0,5,0.6864150520775003,0.0,5,0.5225509421093018,0.0,5,1.0,0.0,5,1.0,0.0,5,0.5,0.0,5
mendeley,mendeley,always_malicious,validation_fpr_limit,0.5225509421093018,0.0,5,0.5,0.0,5,0.0,0.0,5,0.0,0.0,5,0.0,0.0,5,0.0,0.0,5,0.5,0.0,5
mendeley,mendeley,ddqn,default,0.8971556147495091,0.004395168760593723,5,0.9095874822273501,0.0015082501320477408,5,0.8585454934188939,0.002299607220005614,5,0.8136531426752697,0.008049883251543514,5,0.9089247838146516,0.014063584198031977,5,0.22807142857142856,0.015488639681510883,5,0.8404266776216115,0.0016476544395605146,5
mendeley,mendeley,ddqn,validation_f1,0.8971556147495091,0.004395168760593723,5,0.9095874822273501,0.0015082501320477408,5,0.8598035396085016,0.0007879164661433141,5,0.8021231493063276,0.005018547256095313,5,0.9265132974384075,0.008289524497911949,5,0.25025,0.010255504992591119,5,0.8381316487192038,0.0011143307163785682,5
mendeley,mendeley,ddqn,validation_fpr_limit,0.8971556147495091,0.004395168760593723,5,0.9095874822273501,0.0015082501320477408,5,0.326889479068871,0.021253724171999007,5,0.9534883417138564,0.0029337123886848684,5,0.19742209169521946,0.015390204016390855,5,0.010535714285714285,0.0009698911152857337,5,0.5934431887047527,0.007344600682194763,5
mendeley,mendeley,dqn,default,0.8971556147495091,0.004395168760593723,5,0.9095874822273501,0.0015082501320477408,5,0.8585454934188939,0.002299607220005614,5,0.8136531426752697,0.008049883251543514,5,0.9089247838146516,0.014063584198031977,5,0.22807142857142856,0.015488639681510883,5,0.8404266776216115,0.0016476544395605146,5
mendeley,mendeley,dqn,validation_f1,0.8971556147495091,0.004395168760593723,5,0.9095874822273501,0.0015082501320477408,5,0.8598035396085016,0.0007879164661433141,5,0.8021231493063276,0.005018547256095313,5,0.9265132974384075,0.008289524497911949,5,0.25025,0.010255504992591119,5,0.8381316487192038,0.0011143307163785682,5
mendeley,mendeley,dqn,validation_fpr_limit,0.8971556147495091,0.004395168760593723,5,0.9095874822273501,0.0015082501320477408,5,0.326889479068871,0.021253724171999007,5,0.9534883417138564,0.0029337123886848684,5,0.19742209169521946,0.015390204016390855,5,0.010535714285714285,0.0009698911152857337,5,0.5934431887047527,0.007344600682194763,5
mendeley,mendeley,logistic,default,0.8709111524761906,0.0,5,0.8939330000233083,0.0,5,0.8425354595720812,0.0,5,0.8278740157480315,0.0,5,0.8577255669766684,0.0,5,0.19517857142857142,0.0,5,0.8312734977740485,0.0,5
mendeley,mendeley,logistic,validation_f1,0.8709111524761906,0.0,5,0.8939330000233083,0.0,5,0.8557974370850703,0.0,5,0.8121611721611721,0.0,5,0.9043889704682655,0.0,5,0.22892857142857143,0.0,5,0.8377301995198471,0.0,5
mendeley,mendeley,logistic,validation_fpr_limit,0.8709111524761906,0.0,5,0.8939330000233083,0.0,5,0.21929573432579447,0.0,5,0.8938156359393232,0.0,5,0.1249796051558166,0.0,5,0.01625,0.0,5,0.5543648025779083,0.0,5
mendeley,mendeley,mlp,default,0.89956845494223,0.0011536270092218732,5,0.9094489254830664,0.0005346763217641492,5,0.8580251536625154,0.00128241515992073,5,0.816221649425216,0.0058039984486314335,5,0.9044542339696525,0.009268939503932754,5,0.223,0.011010344162260722,5,0.8407271169848262,0.001328690103221563,5
mendeley,mendeley,mlp,validation_f1,0.89956845494223,0.0011536270092218732,5,0.9094489254830664,0.0005346763217641492,5,0.8590297015188584,0.0007440985142183951,5,0.8025792846772941,0.0026893399918366044,5,0.9240332843857073,0.0018624412693915438,5,0.2487857142857143,0.004699856163669656,5,0.8376237850499966,0.0014290970925895097,5
mendeley,mendeley,mlp,validation_fpr_limit,0.89956845494223,0.0011536270092218732,5,0.9094489254830664,0.0005346763217641492,5,0.36749338135491627,0.01109249922780913,5,0.954932182890755,0.00130331524885913,5,0.22757382933594386,0.00844762225821427,5,0.01175,0.0004072055089639778,5,0.6079119146679719,0.0040971380314112574,5
mendeley,mendeley,random_forest,default,0.9134619343257284,0.00108187036712263,5,0.9187380894109969,0.0011525655526939942,5,0.8587487176556833,0.0007230509996775258,5,0.8058106044717276,0.000936045430243407,5,0.9191385217816936,0.002832108871912637,5,0.24242857142857144,0.002181935342015124,5,0.838354975176561,0.0003549599627775394,5
mendeley,mendeley,random_forest,validation_f1,0.9134619343257284,0.00108187036712263,5,0.9187380894109969,0.0011525655526939942,5,0.8584508439846005,0.000738662366168741,5,0.8114536001950203,0.006872159127800824,5,0.9113721651166585,0.010003640926623172,5,0.23192857142857143,0.012934045802312845,5,0.8397217968440435,0.001541234646884041,5
mendeley,mendeley,random_forest,validation_fpr_limit,0.9134619343257284,0.00108187036712263,5,0.9187380894109969,0.0011525655526939942,5,0.3761888390846601,0.009929633246967464,5,0.9645273253300687,0.003573683843078638,5,0.23370859846630773,0.007785254603855327,5,0.009428571428571429,0.0012203106830907058,5,0.6121400135188682,0.003408698313346264,5
