having_IP_Address,URL_Length,Shortining_Service,having_At_Symbol,double_slash_redirecting,Prefix_Suffix,having_Sub_Domain,SSLfinal_State,Domain_registeration_length,Favicon,port,HTTPS_token,Request_URL,URL_of_Anchor,Links_in_tags,SFH,Submitting_to_email,Abnormal_URL,Redirect,on_mouseover,RightClick,popUpWidnow,Iframe,age_of_domain,DNSRecord,web_traffic,Page_Rank,Google_Index,Links_pointing_to_page,Statistical_report
-1.0,-1.0,1.0,1.0,1.0,-1.0,-1.0,0.0,-1.0,1.0,1.0,1.0,-1.0,-1.0,-1.0,-1.0,1.0,1.0,0.0,1.0,1.0,1.0,1.0,1.0,1.0,0.0,-1.0,1.0,1.0,1.0
-1.0,-1.0,1.0,1.0,1.0,-1.0,0.0,-1.0,-1.0,1.0,1.0,1.0,1.0,0.0,-1.0,-1.0,-1.0,1.0,1.0,1.0,1.0,1.0,1.0,-1.0,1.0,1.0,-1.0,1.0,-1.0,1.0
-1.0,1.0,1.0,1.0,1.0,-1.0,1.0,-1.0,1.0,1.0,1.0,1.0,1.0,0.0,0.0,-1.0,1.0,1.0,0.0,1.0,1.0,1.0,1.0,1.0,1.0,0.0,1.0,-1.0,1.0,1.0
0.95137286,0.0,1.0,0.9657191,0.9217539,0.0,0.04096654,0.997833,0.0,0.0,0.0,1.0,0.97951216,0.016267695,0.0,0.0,0.0,0.979205,0.0,0.0,1.0,0.0,0.0,0.0,0.0,1.0,1.0,0.0,1.0,0.0
1.0,0.0,1.0,1.0,1.0,0.0,1.0,0.93503326,0.9590086,1.0,0.9965346,1.0,0.0,0.04616028,0.0,1.0,1.0,0.97162557,0.0479483,0.87512046,1.0,0.95304435,0.98674446,0.9467714,1.0,1.0,0.0,0.0,0.0,1.0
0.9972854,0.0,0.9885362,1.0,1.0,0.0,0.974162,0.8675167,0.0,0.9144921,1.0,1.0,1.0,0.057786018,0.0,0.0,1.0,0.95956576,0.0,0.99659073,1.0,1.0,1.0,0.9686928,1.0,1.0,0.0,1.0,0.0,1.0
0.95603865,0.0,1.0,1.0,1.0,0.0,0.066616505,0.95720625,0.99519616,0.9688652,1.0,1.0,0.0,0.056788117,0.0,0.0,1.0,0.9759158,0.0,1.0,1.0,1.0,0.9165997,0.0,1.0,0.98206764,0.0,1.0,0.0,1.0
1.0,-1.0,1.0,1.0,1.0,-1.0,0.0,1.0,1.0,1.0,1.0,1.0,1.0,-1.0,-1.0,-1.0,1.0,1.0,0.0,1.0,1.0,1.0,1.0,1.0,1.0,0.0,-1.0,1.0,0.0,1.0
1.0,-1.0,1.0,1.0,1.0,-1.0,-1.0,-1.0,-1.0,1.0,1.0,1.0,1.0,1.0,0.0,-1.0,1.0,1.0,0.0,1.0,1.0,1.0,1.0,-1.0,1.0,1.0,-1.0,-1.0,0.0,1.0
1.0,0.0,0.9125849,0.97710943,0.95311874,0.0,1.0,0.9692648,0.0,1.0,0.99596745,0.9724124,0.96050525,0.0,0.014215246,0.0,0.9547236,1.0,0.0,0.9221933,1.0,1.0,1.0,0.99699277,1.0,0.029677302,0.0,1.0,0.0,1.0
1.0,1.0,0.966827,1.0,0.950316,0.9562017,0.05446434,0.0,0.0,0.9947138,0.9850194,1.0,1.0,0.0,0.040222898,1.0,1.0,1.0,0.013815843,1.0,1.0,0.9406866,0.93817043,0.96594304,0.9879817,0.9434486,0.0,0.0,0.0,1.0
0.0,0.0,0.0,0.9987101,0.0,0.9981689,0.99941534,0.9999299,1.0,1.0,0.9987016,0.0,0.99930376,0.0,0.0005990979,0.0,1.0,1.0,0.0,0.9992707,0.9984797,1.0,1.0,1.0,0.0,0.9972988,0.0,1.0,0.9993766,0.9990419
1.0,0.0,1.0,1.0,0.98746324,0.0,1.0,0.9485605,0.0,1.0,0.9422215,0.0,1.0,1.0,1.0,0.0,1.0,1.0,0.0,0.95871294,1.0,0.9956216,0.9644548,1.0,0.0,0.0,0.0,0.924827,1.0,1.0
1.0,0.0,1.0,0.9575926,1.0,0.0,0.9352003,0.9419097,0.0,1.0,1.0,1.0,0.9978103,0.98134696,0.0024876222,1.0,1.0,1.0,0.0,1.0,1.0,0.9178731,1.0,0.0,1.0,1.0,1.0,1.0,0.0,1.0
0.0,0.0,1.0,1.0,0.9755757,0.0,1.0,0.98049116,1.0,0.8953169,0.99035597,0.940024,1.0,0.0,0.0,0.0,0.91864204,0.94110477,0.0,1.0,0.97342634,1.0,1.0,0.0,1.0,1.0,0.0,0.9714396,1.0,0.999333
-1.0,1.0,-1.0,1.0,-1.0,-1.0,0.0,0.0,-1.0,1.0,1.0,-1.0,1.0,-1.0,0.0,1.0,1.0,-1.0,1.0,1.0,1.0,1.0,1.0,1.0,-1.0,1.0,-1.0,1.0,1.0,1.0
0.97577703,1.0,1.0,0.97289366,0.9789304,0.0,0.9828508,0.9613725,0.0,0.95541835,1.0,1.0,0.97146857,0.02937223,0.0,0.025522217,1.0,0.98854816,0.0035606902,1.0,1.0,0.97535455,0.9929907,1.0,1.0,0.97058004,0.9964983,1.0,0.0,1.0
1.0,-1.0,1.0,1.0,1.0,-1.0,-1.0,-1.0,-1.0,1.0,1.0,1.0,-1.0,0.0,-1.0,-1.0,1.0,1.0,0.0,1.0,1.0,1.0,1.0,1.0,-1.0,1.0,-1.0,1.0,1.0,1.0
1.0,0.0,1.0,1.0,1.0,0.0,0.0,0.0,1.0,1.0,1.0,1.0,1.0,0.0,0.0,0.0,1.0,1.0,0.0,1.0,1.0,1.0,1.0,0.0,1.0,1.0,0.0,1.0,0.0,1.0
1.0,1.0,1.0,-1.0,1.0,-1.0,-1.0,-1.0,-1.0,1.0,1.0,1.0,1.0,-1.0,0.0,1.0,1.0,1.0,0.0,1.0,1.0,1.0,1.0,-1.0,1.0,-1.0,-1.0,-1.0,0.0,1.0
1.0,1.0,1.0,1.0,1.0,-1.0,0.0,-1.0,-1.0,1.0,1.0,1.0,1.0,-1.0,0.0,1.0,1.0,1.0,0.0,1.0,1.0,1.0,1.0,-1.0,-1.0,-1.0,-1.0,1.0,0.0,1.0
0.0,0.0,1.0,0.9816141,1.0,0.0,0.005348772,0.9694903,1.0,1.0,1.0,0.96944296,1.0,0.0,0.0,0.0,1.0,0.98854035,0.0,0.95653945,1.0,1.0,0.95704615,0.93073726,1.0,1.0,0.0,1.0,0.96939546,0.9845208
1.0,-1.0,1.0,1.0,1.0,-1.0,1.0,-1.0,-1.0,1.0,1.0,1.0,-1.0,-1.0,0.0,-1.0,-1.0,1.0,0.0,1.0,1.0,1.0,1.0,-1.0,-1.0,-1.0,-1.0,1.0,0.0,1.0
1.0,0.0,1.0,0.9865203,0.98033816,1.0,0.988292,0.9952869,0.0,1.0,1.0,1.0,1.0,1.0,0.9917251,0.0,0.97827715,0.9878265,0.0,0.99828583,1.0,0.97068745,0.978379,1.0,1.0,0.98699224,0.0,0.0,0.01264751,1.0
0.9357121,0.0,1.0,1.0,1.0,0.0,0.0,0.998908,0.0,0.97816664,0.9640283,0.9827404,1.0,0.049491137,0.0,0.0,1.0,1.0,0.05368024,1.0,0.9699965,0.92884946,1.0,0.0,1.0,1.0,1.0,0.9767482,0.02454415,0.93975884
1.0,-1.0,-1.0,1.0,-1.0,-1.0,1.0,0.0,1.0,1.0,1.0,-1.0,-1.0,-1.0,1.0,-1.0,1.0,-1.0,0.0,1.0,1.0,1.0,1.0,-1.0,-1.0,-1.0,-1.0,-1.0,0.0,-1.0
0.9880925,0.0,1.0,1.0,1.0,0.0,1.0,0.9055976,0.0,1.0,1.0,1.0,0.0,1.0,0.0,0.0,1.0,1.0,0.0,1.0,1.0,1.0,0.9933112,0.9179391,0.0,0.0,0.0,1.0,0.9637061,1.0
1.0,0.0,1.0,0.9728507,0.9062626,0.0,0.0,1.0,0.0,1.0,1.0,1.0,1.0,0.0,1.0,0.0,0.0,1.0,0.0,0.9067197,0.978556,1.0,1.0,0.0,0.95739156,0.89423686,0.0,1.0,0.0,0.9989672
1.0,0.0,1.0,0.97057915,1.0,0.0,1.0,0.96248865,0.0,0.9803077,1.0,0.9502593,0.9905537,0.9069605,0.0,1.0,0.9351198,1.0,0.9983189,0.9250773,0.95699203,1.0,0.9453991,0.0,1.0,1.0,1.0,1.0,1.0,0.97156185
1.0,0.0,1.0,1.0,1.0,0.0,0.0,0.0,0.0,1.0,1.0,1.0,1.0,0.0,0.0,0.0,1.0,1.0,0.0,1.0,1.0,1.0,1.0,1.0,1.0,1.0,0.0,1.0,0.0,1.0
1.0,-1.0,1.0,-1.0,1.0,-1.0,0.0,0.0,-1.0,1.0,1.0,1.0,1.0,-1.0,-1.0,-1.0,1.0,1.0,0.0,1.0,1.0,1.0,1.0,1.0,-1.0,0.0,-1.0,1.0,0.0,1.0
1.0,-1.0,1.0,1.0,1.0,-1.0,-1.0,-1.0,-1.0,1.0,1.0,1.0,1.0,-1.0,0.0,-1.0,1.0,1.0,0.0,1.0,1.0,1.0,1.0,-1.0,-1.0,1.0,-1.0,1.0,1.0,1.0
0.0,0.0,1.0,0.0,1.0,0.0,0.0,0.994784,0.0,0.0,0.0,1.0,0.94973004,0.10825062,0.0,0.0,0.0,1.0,0.0,0.0,1.0,0.0,0.9449562,0.0,0.9725577,1.0,0.0,1.0,0.0,0.9490428
0.0,0.0,1.0,1.0,0.9841627,0.0,0.0,0.93558836,0.0,1.0,1.0,0.90466887,1.0,1.0,0.050442934,0.0,0.96236515,0.0,0.0,1.0,1.0,1.0,1.0,1.0,1.0,0.0,0.0,1.0,0.96650857,1.0
0.936789,0.0,1.0,0.9549321,1.0,0.0,1.0,0.9353279,0.0,1.0,1.0,1.0,1.0,0.9836106,0.045391858,0.0,1.0,0.912431,0.0042692367,1.0,0.9941243,1.0,1.0,0.0,1.0,0.07560688,0.0,1.0,0.0,0.93000865
0.0,0.0,1.0,0.99951386,1.0,0.0,0.9646913,0.9416506,0.97464764,0.99296147,1.0,0.97703564,0.0,0.0,0.0,1.0,1.0,1.0,1.0,1.0,1.0,1.0,0.97952026,0.0,1.0,0.0,1.0,1.0,0.0,0.91997385
0.0,1.0,0.895491,0.0,0.9990553,0.8840812,1.0,0.9674336,0.0,1.0,1.0,0.92875195,1.0,0.9525981,0.0,0.0,0.0,0.0,0.0,1.0,0.9288151,0.96488893,1.0,0.9752111,0.98972213,0.0,0.9837206,0.98560953,1.0,1.0
1.0,-1.0,1.0,1.0,1.0,-1.0,-1.0,-1.0,1.0,1.0,1.0,1.0,1.0,0.0,0.0,-1.0,1.0,1.0,0.0,1.0,1.0,1.0,1.0,-1.0,1.0,1.0,-1.0,1.0,0.0,1.0
1.0,0.0,1.0,1.0,0.9937994,0.0,1.0,0.9281232,0.0,0.949272,1.0,0.92458963,0.0,0.05939731,1.0,1.0,0.9920161,1.0,0.0,0.95378745,1.0,0.9598584,0.90199506,0.99392486,1.0,0.0,0.0,0.94981724,0.0,0.0
1.0,0.0,1.0,0.0,1.0,0.0,1.0,0.0,0.0,0.0,0.0,1.0,1.0,0.0,1.0,0.0,0.0,1.0,0.0,0.0,1.0,0.0,0.0,0.0,1.0,0.0,0.0,1.0,1.0,1.0
0.0,0.0,0.99617666,0.9429081,1.0,0.0,0.0,1.0,0.0,1.0,0.986792,1.0,1.0,0.046307534,0.0,0.0,0.9560807,0.9287333,0.0,0.95174277,1.0,0.9508463,1.0,1.0,0.965475,0.0,0.0,0.0,1.0,1.0
0.0,0.0,1.0,0.9718289,1.0,0.0,0.8602325,0.98875093,0.0,0.9337721,1.0,0.0,0.0,1.0,0.9217309,0.0,1.0,0.91845614,0.014877632,0.97249705,1.0,0.9745116,0.9273095,0.0,1.0,1.0,1.0,1.0,0.0,0.966682
1.0,-1.0,1.0,1.0,1.0,-1.0,-1.0,1.0,-1.0,1.0,1.0,1.0,-1.0,0.0,-1.0,-1.0,1.0,1.0,0.0,1.0,1.0,1.0,1.0,-1.0,-1.0,0.0,-1.0,-1.0,0.0,1.0
0.0,0.88624346,0.0,1.0,0.0,0.92809176,0.0,0.0,0.0,1.0,1.0,0.0,1.0,0.99699265,1.0,0.98771715,1.0,0.0,1.0,1.0,1.0,0.9567956,0.92533135,1.0,0.98706114,0.9234005,0.0,0.0,0.9664508,0.0
0.999717,0.0,1.0,1.0,1.0,0.99017173,1.0,0.99436134,0.0,0.99836844,0.9987531,0.0,0.99208385,0.979021,0.0,0.0,0.9825326,0.9790159,0.0,0.9865403,0.98438126,0.9761571,0.9846398,0.99330854,0.0,1.0,0.0,0.9608425,0.0,1.0
1.0,0.0,0.9270458,1.0,0.98245215,0.0,0.016152084,0.95161027,1.0,1.0,1.0,0.9172621,0.0,1.0,0.94673,0.0,1.0,1.0,0.0,1.0,0.9806472,1.0,0.9987491,0.0,0.9920464,0.9448299,0.0,0.98892677,0.010870203,0.0
1.0,0.0,1.0,1.0,1.0,0.0,1.0,0.9246671,0.0,0.8602325,1.0,0.9440232,0.9689578,0.9779608,1.0,0.0,0.9583492,1.0,1.0,0.996748,0.962942,1.0,1.0,0.0,0.9949768,0.9522214,0.0,1.0,0.0,0.0
0.0,0.0,1.0,1.0,1.0,0.0,0.0,0.949967,0.8798204,0.96633595,1.0,1.0,0.0,0.08767635,0.0,1.0,1.0,0.962255,0.9954754,0.96233624,1.0,1.0,1.0,0.0,1.0,0.053417683,0.0,1.0,1.0,1.0
0.98456305,1.0,0.91897297,0.0,1.0,0.0,0.0,0.97603184,0.0,1.0,0.9573866,1.0,1.0,0.12997311,0.960855,1.0,1.0,1.0,0.0,1.0,1.0,0.99789095,0.95449984,0.0,1.0,1.0,0.0,0.98936576,0.0,0.9874044
1.0,0.0,1.0,1.0,0.0,0.0,1.0,0.9783782,0.0,1.0,0.9437381,1.0,0.9073248,0.97917396,0.01082474,0.0,1.0,1.0,1.0,1.0,1.0,1.0,0.9399645,1.0,1.0,1.0,1.0,1.0,0.0,1.0
0.97543806,0.0,1.0,0.0,1.0,0.0,0.9810497,0.90870804,0.0,0.9673186,1.0,1.0,0.9983329,0.0,0.993746,0.0,0.0,0.0,0.0,0.9597596,1.0,0.96305096,0.9730416,0.0,0.9649645,1.0,0.0,0.9687877,0.0,1.0
0.0,0.999815,0.0,0.0,0.0,0.99987406,0.9990449,0.99929833,0.0,1.0,0.9999878,0.0,1.0,0.0,1.0,0.0,1.0,0.0,0.9998487,1.0,0.99986804,0.9999362,1.0,0.99911094,0.0,1.0,0.9998023,1.0,0.999893,1.0
0.95469314,0.0,1.0,0.97589946,0.94963646,0.0,0.0,0.9982851,1.0,0.9339925,1.0,0.95564115,1.0,0.0040635504,0.0,0.0,0.9545659,1.0,0.0,1.0,0.92184246,1.0,1.0,0.9620844,1.0,0.0,0.9883529,0.9454739,0.0,1.0
1.0,0.9694302,1.0,0.9776471,1.0,0.0,1.0,0.94917816,1.0,0.0,0.93741643,0.9899581,0.0,0.0,0.0010600225,0.0,1.0,0.96570045,0.029578164,0.0,0.9431398,0.0,0.94887304,1.0,0.9694203,1.0,1.0,0.9672166,0.0,1.0
1.0,1.0,0.9936249,0.96065986,1.0,0.9845522,0.0,1.0,0.0,1.0,1.0,1.0,1.0,0.0,0.029321104,1.0,1.0,1.0,0.036572322,0.9630374,1.0,1.0,0.98162115,0.0,0.0,0.9782839,0.0,0.9826073,1.0,0.9860409
1.0,-1.0,1.0,1.0,1.0,-1.0,-1.0,-1.0,-1.0,1.0,1.0,1.0,1.0,0.0,-1.0,-1.0,1.0,1.0,0.0,1.0,1.0,1.0,1.0,-1.0,-1.0,-1.0,1.0,1.0,1.0,1.0
0.0,0.0,1.0,0.0,1.0,0.99755245,1.0,0.9923668,0.0,0.0,0.0,0.99406856,0.0,1.0,1.0,0.0,0.0,0.9751547,0.011166081,0.0,0.98501647,0.0,0.0,0.0,1.0,1.0,0.0,0.95784396,1.0,0.98449737
1.0,-1.0,1.0,1.0,1.0,-1.0,-1.0,-1.0,1.0,1.0,1.0,1.0,1.0,-1.0,-1.0,-1.0,1.0,1.0,0.0,1.0,1.0,1.0,1.0,-1.0,-1.0,-1.0,-1.0,1.0,0.0,1.0
1.0,-1.0,1.0,1.0,1.0,-1.0,0.0,0.0,-1.0,-1.0,-1.0,1.0,1.0,-1.0,-1.0,-1.0,-1.0,1.0,0.0,-1.0,-1.0,-1.0,-1.0,1.0,1.0,1.0,-1.0,1.0,1.0,-1.0
1.0,-1.0,1.0,1.0,1.0,-1.0,0.0,1.0,-1.0,1.0,1.0,-1.0,1.0,-1.0,-1.0,-1.0,1.0,1.0,0.0,1.0,1.0,1.0,1.0,-1.0,1.0,0.0,1.0,1.0,0.0,1.0
1.0,0.0,1.0,1.0,1.0,0.0,0.1127764,0.9563011,0.0,0.95811546,1.0,1.0,0.9445509,0.9894439,0.03469868,0.0,1.0,0.968808,0.025749132,1.0,0.98787355,1.0,1.0,0.0,1.0,0.98591673,0.0,0.9291047,0.020045869,1.0
1.0,0.0,1.0,0.8973629,1.0,0.0,0.09765732,0.99175656,0.0,1.0,0.99580973,1.0,0.0,0.99249077,0.0,0.99957985,0.9728833,0.9372558,0.0,1.0,1.0,1.0,1.0,0.9477312,1.0,1.0,0.0,1.0,0.0,1.0
1.0,-1.0,1.0,1.0,1.0,-1.0,0.0,0.0,1.0,1.0,1.0,1.0,-1.0,-1.0,0.0,-1.0,1.0,1.0,0.0,1.0,1.0,1.0,1.0,1.0,1.0,-1.0,-1.0,1.0,0.0,1.0
-1.0,-1.0,1.0,-1.0,1.0,-1.0,0.0,-1.0,-1.0,-1.0,-1.0,1.0,1.0,0.0,-1.0,-1.0,-1.0,1.0,0.0,1.0,1.0,-1.0,1.0,1.0,1.0,1.0,-1.0,1.0,0.0,-1.0
0.9574423,0.986663,0.9321135,1.0,1.0,0.0,1.0,0.9942214,0.0,0.0,1.0,1.0,0.97008145,0.0,0.10136056,0.9552473,1.0,1.0,0.017366104,1.0,1.0,0.0,1.0,0.98790884,0.0,0.9920644,0.0,0.9719576,1.0,1.0
1.0,-1.0,1.0,1.0,1.0,-1.0,0.0,0.0,-1.0,-1.0,-1.0,1.0,-1.0,-1.0,-1.0,-1.0,-1.0,1.0,0.0,-1.0,-1.0,-1.0,-1.0,1.0,-1.0,1.0,-1.0,1.0,1.0,-1.0
1.0,0.0,0.9865338,0.97230095,1.0,0.0,0.0,0.98501974,0.0,0.0,1.0,1.0,1.0,0.0,0.050471008,0.0,0.94386446,0.92542875,0.025837392,0.9876809,1.0,0.0,1.0,0.9867022,0.0,0.9012303,1.0,1.0,0.88841754,0.99310356
-1.0,-1.0,1.0,-1.0,1.0,-1.0,0.0,-1.0,-1.0,-1.0,-1.0,1.0,1.0,1.0,-1.0,-1.0,-1.0,1.0,1.0,1.0,1.0,1.0,1.0,-1.0,1.0,1.0,-1.0,1.0,1.0,1.0
0.0,0.0,1.0,0.9710346,0.97315305,0.0,1.0,0.948083,0.0,0.94927263,1.0,0.9171971,0.9166982,1.0,0.0,0.0,1.0,0.9052929,0.0,1.0,0.96369696,1.0,1.0,1.0,0.98949665,0.0,0.0,1.0,1.0,1.0
0.9098384,0.0,0.92232263,1.0,0.99499506,0.0,0.011818975,0.9997373,0.0,0.9528227,1.0,1.0,0.9828865,1.0,0.0,0.0,1.0,1.0,0.048790216,1.0,1.0,0.95627385,1.0,0.0,0.99837404,1.0,0.0,0.96121806,0.049979836,1.0
0.0,0.0,1.0,1.0,1.0,0.0,0.0,0.9765303,1.0,0.91296077,1.0,0.99909914,0.0,0.0,0.0,1.0,0.96891963,1.0,0.030709341,0.88539636,1.0,1.0,1.0,1.0,1.0,1.0,0.0,0.0,0.053946912,1.0
-1.0,-1.0,1.0,1.0,1.0,-1.0,-1.0,-1.0,1.0,1.0,1.0,1.0,-1.0,-1.0,0.0,-1.0,1.0,1.0,0.0,1.0,1.0,1.0,1.0,1.0,1.0,1.0,-1.0,-1.0,1.0,1.0
1.0,0.0,0.93236125,1.0,0.9372847,0.0,0.99019545,0.86360735,0.0,0.9792912,0.9735097,1.0,0.0,0.0,0.0,0.981099,1.0,1.0,0.0,1.0,1.0,1.0,1.0,0.0,0.95369506,0.96732277,0.9247589,1.0,0.052416146,0.9981955
1.0,1.0,1.0,0.0,1.0,0.0,1.0,0.0,0.0,1.0,1.0,1.0,1.0,0.0,1.0,1.0,1.0,1.0,0.0,1.0,1.0,1.0,1.0,1.0,0.0,0.0,0.0,1.0,0.0,1.0
1.0,-1.0,1.0,1.0,1.0,-1.0,-1.0,-1.0,1.0,1.0,1.0,1.0,-1.0,-1.0,-1.0,-1.0,1.0,1.0,0.0,1.0,1.0,1.0,1.0,-1.0,1.0,1.0,-1.0,1.0,0.0,1.0
0.0,0.0,0.0,0.9878936,0.0,0.0,0.0,0.9628849,0.9708269,1.0,0.9997725,0.0,0.0,0.06828469,1.0,0.0,0.9150309,0.0,1.0,1.0,0.99215615,1.0,1.0,1.0,1.0,0.99036604,0.0,0.9099343,1.0,1.0
1.0,0.0,1.0,1.0,0.98684186,0.0,0.0,1.0,0.0,1.0,0.9625525,1.0,0.0,0.02076459,0.0,0.0,1.0,1.0,0.0479275,1.0,1.0,0.91579396,0.99409604,0.0,0.9785209,0.9791287,0.9911596,0.9490538,0.0,1.0
1.0,-1.0,1.0,-1.0,1.0,-1.0,1.0,-1.0,1.0,1.0,1.0,1.0,1.0,-1.0,1.0,-1.0,-1.0,-1.0,0.0,1.0,1.0,1.0,1.0,1.0,1.0,1.0,-1.0,1.0,1.0,-1.0
-1.0,-1.0,1.0,-1.0,1.0,-1.0,0.0,-1.0,-1.0,1.0,1.0,1.0,-1.0,-1.0,-1.0,-1.0,1.0,1.0,1.0,1.0,1.0,1.0,1.0,-1.0,1.0,1.0,1.0,1.0,0.0,-1.0
0.98219866,0.0,1.0,1.0,0.9797534,0.9987528,0.0,0.9748677,0.0,1.0,0.9880652,0.9890293,1.0,0.96935874,1.0,0.0,1.0,1.0,0.0,0.98150575,0.97382444,0.9881573,0.994685,0.98009485,0.0,1.0,0.0,1.0,0.98566306,0.9947177
0.0,0.0,1.0,1.0,0.96415484,0.9331106,0.9646431,0.98752093,0.0,0.9508747,0.99658215,1.0,0.9677753,0.0,1.0,0.0,0.9838703,1.0,0.0,0.9951675,0.9651181,1.0,0.9887594,0.0,0.9887721,0.95092505,0.9852547,1.0,0.0119806975,1.0
1.0,0.0,1.0,1.0,1.0,0.0,0.0,0.8835613,0.0,1.0,1.0,1.0,0.993524,0.0,0.9785879,0.0,0.0,0.0,0.0,0.95124334,1.0,1.0,1.0,1.0,0.96923393,0.90256315,0.0,1.0,0.0,0.0
-1.0,-1.0,1.0,1.0,1.0,-1.0,0.0,-1.0,-1.0,1.0,1.0,1.0,1.0,0.0,-1.0,-1.0,1.0,1.0,0.0,1.0,1.0,1.0,1.0,1.0,1.0,1.0,-1.0,1.0,0.0,1.0
1.0,-1.0,1.0,1.0,1.0,-1.0,-1.0,1.0,-1.0,1.0,1.0,1.0,-1.0,-1.0,-1.0,-1.0,1.0,1.0,0.0,1.0,1.0,1.0,1.0,-1.0,1.0,0.0,-1.0,1.0,0.0,1.0
1.0,0.0,0.0,0.0,0.0,0.0,0.90477014,0.96515286,0.0,0.9718497,1.0,0.0,0.99281037,0.10275376,0.0,1.0,0.0,0.0,0.0,1.0,1.0,1.0,1.0,0.95190793,0.0,0.9846759,0.0,1.0,0.0,1.0
0.97461605,0.0,0.98904675,1.0,1.0,0.9862951,0.9730157,0.93407416,0.0,1.0,1.0,1.0,1.0,0.013813108,0.9532496,0.0,0.9998314,1.0,0.0,0.9882343,0.98544776,0.99324834,1.0,1.0,0.0,1.0,0.0,0.9848286,0.022702485,1.0
-1.0,-1.0,1.0,1.0,1.0,-1.0,0.0,-1.0,-1.0,1.0,1.0,1.0,-1.0,-1.0,-1.0,-1.0,1.0,1.0,0.0,1.0,1.0,1.0,1.0,-1.0,1.0,-1.0,1.0,1.0,1.0,1.0
1.0,0.0,1.0,0.97369534,0.9404511,0.0,0.0,0.979383,0.0,1.0,1.0,0.9878453,1.0,0.999198,0.0,0.0,1.0,1.0,0.008135531,1.0,1.0,1.0,1.0,0.0,1.0,0.035489723,0.0,0.97832483,0.03538817,0.9546578
1.0,-1.0,1.0,1.0,1.0,-1.0,0.0,0.0,1.0,1.0,1.0,1.0,-1.0,0.0,-1.0,-1.0,1.0,1.0,0.0,1.0,1.0,1.0,1.0,1.0,-1.0,-1.0,-1.0,1.0,1.0,1.0
0.9962365,0.9642527,1.0,0.99877024,1.0,0.0,1.0,0.9675706,0.0,1.0,0.9569591,0.97235656,0.97810614,0.07431945,0.054972887,0.90803003,1.0,0.99523985,0.0,1.0,1.0,1.0,1.0,1.0,0.0,1.0,0.0,0.99187505,0.0,0.9682307
1.0,0.0,0.99138474,1.0,0.97389406,0.0,0.97133356,0.9494037,0.0,0.9649817,1.0,1.0,1.0,0.0,0.008117069,1.0,0.918852,1.0,0.014865227,1.0,1.0,0.9843097,1.0,1.0,1.0,0.99674594,0.0,0.95067155,0.0,1.0
0.98904,0.0,0.97871906,1.0,1.0,0.0,0.9330467,0.99507004,1.0,0.991018,0.9964473,1.0,0.0,0.0,0.018988073,0.0,1.0,1.0,0.057730645,0.9925152,1.0,0.94576013,1.0,1.0,1.0,1.0,0.0,0.915624,0.03377101,0.9417883
0.9995653,1.0,0.0,0.9991982,0.0,0.999832,0.9998263,0.9996949,0.0,1.0,1.0,0.0,1.0,1.0,0.0010498497,0.0,0.99980456,0.0,0.0,1.0,1.0,1.0,1.0,1.0,0.0,1.0,0.0,0.0,1.0,1.0
1.0,-1.0,1.0,1.0,1.0,-1.0,-1.0,1.0,1.0,1.0,1.0,1.0,-1.0,-1.0,0.0,-1.0,1.0,1.0,0.0,1.0,1.0,1.0,1.0,1.0,1.0,1.0,-1.0,-1.0,0.0,1.0
1.0,1.0,0.99204016,1.0,1.0,0.0,1.0,0.9489213,0.0,1.0,0.9712396,0.9668839,1.0,0.022613078,0.9672657,0.0,0.9573499,1.0,0.016843557,1.0,0.9166923,1.0,1.0,1.0,0.9132751,1.0,0.0,1.0,1.0,0.9978321
0.0,0.0,0.0,1.0,0.0,0.0,0.059690386,0.963297,0.0,0.9272245,1.0,0.0,0.9561817,0.98180586,0.0,0.0,0.96217823,0.0,0.104750276,0.9732282,0.9405457,0.929415,0.9579855,0.0,0.0,1.0,0.9907197,0.0,0.9147051,0.937285
-1.0,-1.0,1.0,-1.0,1.0,-1.0,-1.0,-1.0,-1.0,1.0,1.0,1.0,-1.0,-1.0,-1.0,-1.0,1.0,1.0,0.0,1.0,1.0,1.0,1.0,1.0,1.0,0.0,-1.0,-1.0,0.0,1.0
-1.0,-1.0,1.0,1.0,1.0,-1.0,1.0,-1.0,-1.0,1.0,1.0,-1.0,-1.0,0.0,-1.0,-1.0,1.0,1.0,0.0,1.0,1.0,1.0,1.0,-1.0,1.0,0.0,1.0,1.0,0.0,1.0
-1.0,1.0,-1.0,1.0,-1.0,-1.0,1.0,0.0,-1.0,1.0,1.0,-1.0,1.0,-1.0,1.0,0.0,1.0,-1.0,1.0,1.0,1.0,1.0,1.0,1.0,-1.0,0.0,1.0,1.0,1.0,1.0
1.0,1.0,1.0,1.0,1.0,-1.0,-1.0,1.0,-1.0,1.0,1.0,1.0,1.0,-1.0,-1.0,1.0,1.0,1.0,0.0,1.0,1.0,1.0,1.0,-1.0,-1.0,0.0,-1.0,-1.0,0.0,1.0
1.0,-1.0,1.0,1.0,1.0,-1.0,0.0,0.0,-1.0,1.0,1.0,1.0,1.0,0.0,-1.0,-1.0,1.0,1.0,0.0,1.0,1.0,1.0,1.0,1.0,1.0,1.0,-1.0,1.0,0.0,1.0
-1.0,-1.0,-1.0,-1.0,-1.0,-1.0,0.0,1.0,-1.0,-1.0,1.0,-1.0,1.0,-1.0,1.0,-1.0,1.0,-1.0,0.0,1.0,1.0,-1.0,1.0,-1.0,-1.0,0.0,1.0,-1.0,1.0,1.0
1.0,-1.0,1.0,1.0,1.0,-1.0,0.0,-1.0,1.0,1.0,1.0,1.0,-1.0,-1.0,-1.0,-1.0,1.0,1.0,0.0,1.0,1.0,1.0,1.0,-1.0,-1.0,-1.0,-1.0,-1.0,1.0,1.0
0.0,0.0,0.0,1.0,0.0,0.0,0.0,0.98899597,1.0,1.0,0.99680007,0.0,0.0,0.8839796,0.0,0.0,1.0,0.0,0.034153864,0.94804645,1.0,1.0,0.9673543,0.0,0.0,0.9659513,1.0,0.0,0.92422473,0.0
1.0,0.0,1.0,1.0,1.0,0.0,0.98530006,0.96270084,1.0,1.0,1.0,0.9899365,1.0,0.92743814,0.024320379,0.9779386,1.0,1.0,0.0,0.9186332,0.9852841,1.0,1.0,0.0,1.0,1.0,0.0,1.0,0.044314414,1.0
1.0,1.0,1.0,1.0,1.0,-1.0,-1.0,0.0,-1.0,1.0,1.0,1.0,1.0,-1.0,-1.0,-1.0,1.0,1.0,0.0,1.0,1.0,1.0,1.0,1.0,1.0,1.0,1.0,-1.0,0.0,1.0
1.0,-1.0,1.0,-1.0,1.0,-1.0,0.0,0.0,1.0,1.0,1.0,1.0,-1.0,-1.0,0.0,-1.0,1.0,1.0,0.0,1.0,1.0,1.0,1.0,1.0,1.0,-1.0,-1.0,1.0,0.0,1.0
1.0,-1.0,1.0,1.0,1.0,-1.0,1.0,1.0,1.0,1.0,1.0,1.0,-1.0,-1.0,-1.0,-1.0,1.0,1.0,0.0,1.0,1.0,1.0,1.0,-1.0,-1.0,0.0,-1.0,-1.0,1.0,-1.0
-1.0,-1.0,1.0,-1.0,1.0,-1.0,0.0,0.0,-1.0,-1.0,-1.0,1.0,1.0,-1.0,-1.0,-1.0,-1.0,1.0,0.0,-1.0,-1.0,-1.0,-1.0,-1.0,1.0,1.0,-1.0,1.0,1.0,1.0
-1.0,-1.0,1.0,1.0,1.0,-1.0,1.0,-1.0,1.0,1.0,1.0,1.0,-1.0,0.0,-1.0,-1.0,1.0,1.0,0.0,1.0,1.0,1.0,1.0,1.0,1.0,1.0,-1.0,1.0,1.0,1.0
0.0,0.0,1.0,1.0,0.98496306,0.0,0.0,0.94935054,1.0,1.0,0.91806304,0.99760896,0.0,0.0,0.04242581,0.9967287,1.0,1.0,0.024601355,0.91016805,1.0,0.96270406,1.0,0.97427756,1.0,1.0,0.0,1.0,0.100284934,0.0
-1.0,-1.0,1.0,1.0,1.0,-1.0,1.0,0.0,1.0,1.0,1.0,1.0,-1.0,-1.0,1.0,-1.0,1.0,1.0,1.0,1.0,1.0,1.0,1.0,-1.0,1.0,-1.0,-1.0,1.0,1.0,1.0
-1.0,1.0,1.0,-1.0,1.0,-1.0,0.0,1.0,-1.0,1.0,1.0,1.0,1.0,-1.0,-1.0,-1.0,1.0,1.0,0.0,1.0,1.0,1.0,1.0,1.0,1.0,0.0,1.0,-1.0,0.0,1.0
0.9268734,0.0,0.0,0.9643139,1.0,0.0,1.0,0.96318036,0.0,1.0,1.0,0.9609922,0.9593899,0.9787793,0.004298197,0.07347962,0.9675491,0.0,0.0765965,1.0,1.0,1.0,0.9718595,0.95159614,1.0,0.9548932,0.0,1.0,0.0,1.0
1.0,0.0,0.95265657,1.0,0.8602325,0.0,0.0,0.9865411,0.0,0.0,0.0,0.9504869,1.0,0.0,0.0,0.0,0.0,1.0,0.0061580054,0.0,1.0,0.0,0.0,0.8890569,0.0,1.0,0.0,0.98098594,0.9837277,0.0
0.9877248,0.0,1.0,1.0,0.9688584,0.0,0.9919712,0.99726814,0.0,0.9478173,1.0,1.0,1.0,0.0,0.0,0.0,0.9711593,0.8812725,0.0,1.0,0.9908084,0.9818212,1.0,0.94469637,1.0,1.0,0.9866681,0.97888434,0.0,1.0
0.0,0.0,1.0,0.9807043,1.0,0.988939,1.0,0.99414593,0.0,0.99014544,0.977321,0.9998849,1.0,0.0,0.0,0.0,0.0,1.0,0.00018644892,0.99648124,1.0,0.9963603,0.9654635,1.0,1.0,0.9903529,0.0,0.9997881,0.0,1.0
-1.0,-1.0,-1.0,1.0,-1.0,-1.0,-1.0,0.0,1.0,1.0,1.0,-1.0,-1.0,-1.0,1.0,-1.0,1.0,1.0,1.0,-1.0,1.0,-1.0,1.0,1.0,-1.0,1.0,-1.0,1.0,0.0,1.0
0.991378,1.0,1.0,0.9980405,1.0,0.0,0.0,0.9713541,0.0,1.0,1.0,0.9972261,1.0,0.0632008,1.0,1.0,1.0,1.0,0.021462023,0.961814,1.0,0.99188757,0.98981833,1.0,0.99892163,1.0,0.0,1.0,0.0,1.0
0.0,0.0,0.0,0.9988117,0.0,0.99622107,1.0,0.99962735,0.0,1.0,1.0,0.0,1.0,1.0,0.0,0.0,0.9965648,0.0,0.9976201,0.99869865,0.9972028,0.99930024,1.0,0.0,0.0,0.0,0.0,0.99753577,0.9993582,1.0
0.0,0.0,1.0,1.0,1.0,0.0,0.0,0.9946672,0.0,1.0,1.0,1.0,1.0,0.0,0.944541,0.0,0.0,0.93469286,0.0,1.0,0.91826075,1.0,0.98862857,0.0,0.9685,1.0,0.0,0.9823364,0.0,0.9288725
-1.0,-1.0,1.0,1.0,1.0,-1.0,-1.0,0.0,-1.0,1.0,1.0,1.0,1.0,-1.0,-1.0,-1.0,1.0,1.0,0.0,1.0,1.0,1.0,1.0,1.0,1.0,0.0,-1.0,1.0,-1.0,1.0
0.0,0.0,1.0,1.0,0.99499553,0.0,1.0,0.9593158,0.0,0.97824883,0.9752835,1.0,0.9154522,0.9253291,0.0,0.0,1.0,1.0,0.09062135,0.9751429,0.9767579,1.0,0.9754728,0.92521334,0.9632491,0.0,0.0,1.0,1.0,1.0
0.0,0.0,1.0,0.0,0.953683,0.0,1.0,0.9384092,0.0,0.0,0.0,1.0,1.0,0.0,0.9897686,1.0,0.0,0.0,0.0,0.0,1.0,0.0,0.98986375,1.0,0.8790118,0.99287903,0.0,0.9228476,0.0,1.0
-1.0,-1.0,1.0,-1.0,1.0,-1.0,0.0,-1.0,-1.0,-1.0,-1.0,1.0,1.0,0.0,-1.0,-1.0,-1.0,1.0,0.0,1.0,1.0,-1.0,1.0,-1.0,1.0,0.0,1.0,1.0,0.0,-1.0
1.0,-1.0,1.0,1.0,1.0,-1.0,-1.0,-1.0,-1.0,1.0,1.0,1.0,1.0,-1.0,0.0,-1.0,1.0,1.0,0.0,1.0,1.0,1.0,1.0,-1.0,-1.0,-1.0,-1.0,-1.0,1.0,1.0
1.0,-1.0,1.0,1.0,1.0,-1.0,1.0,-1.0,1.0,1.0,1.0,1.0,-1.0,0.0,1.0,-1.0,1.0,1.0,0.0,1.0,1.0,1.0,1.0,1.0,-1.0,1.0,-1.0,1.0,1.0,1.0
-1.0,-1.0,1.0,1.0,1.0,-1.0,0.0,-1.0,1.0,1.0,1.0,1.0,-1.0,-1.0,-1.0,0.0,1.0,1.0,0.0,1.0,1.0,1.0,1.0,-1.0,1.0,-1.0,1.0,1.0,0.0,1.0
-1.0,-1.0,1.0,-1.0,1.0,-1.0,1.0,-1.0,1.0,-1.0,-1.0,1.0,-1.0,-1.0,0.0,-1.0,-1.0,1.0,0.0,-1.0,1.0,-1.0,-1.0,-1.0,1.0,0.0,-1.0,1.0,1.0,1.0
1.0,-1.0,1.0,1.0,1.0,-1.0,0.0,0.0,1.0,1.0,1.0,1.0,-1.0,-1.0,0.0,-1.0,1.0,1.0,0.0,1.0,1.0,1.0,1.0,1.0,1.0,1.0,-1.0,1.0,0.0,1.0
1.0,-1.0,1.0,1.0,1.0,-1.0,-1.0,-1.0,-1.0,1.0,1.0,1.0,1.0,-1.0,0.0,-1.0,1.0,1.0,0.0,1.0,1.0,1.0,1.0,-1.0,1.0,1.0,-1.0,1.0,0.0,1.0
-1.0,1.0,1.0,-1.0,1.0,-1.0,0.0,0.0,-1.0,1.0,1.0,1.0,1.0,-1.0,-1.0,-1.0,1.0,1.0,0.0,1.0,1.0,1.0,1.0,1.0,1.0,0.0,1.0,1.0,0.0,1.0
0.0,0.0,0.0,1.0,0.0,0.0,0.053050727,0.98846626,0.0,1.0,0.97913533,0.0,1.0,0.08247095,1.0,0.97967774,0.95689654,0.0,0.005638633,1.0,1.0,1.0,1.0,0.0,0.0,1.0,0.0,0.0,0.9672736,0.9889944
1.0,0.0,1.0,0.9573698,0.93013406,0.0,0.021878451,0.9166441,0.0,0.98167986,1.0,0.97023773,1.0,0.0,0.0,0.0,0.9456403,1.0,0.0,1.0,0.9923458,1.0,1.0,1.0,0.98232067,1.0,0.0,0.97446775,0.0,0.98663867
-1.0,-1.0,1.0,1.0,1.0,-1.0,0.0,-1.0,1.0,1.0,1.0,1.0,1.0,-1.0,0.0,-1.0,1.0,1.0,0.0,1.0,1.0,1.0,1.0,-1.0,1.0,0.0,1.0,1.0,0.0,1.0
1.0,-1.0,1.0,1.0,1.0,-1.0,1.0,-1.0,1.0,1.0,1.0,1.0,-1.0,0.0,0.0,-1.0,1.0,1.0,0.0,1.0,1.0,1.0,1.0,1.0,1.0,1.0,-1.0,1.0,0.0,1.0
-1.0,-1.0,1.0,1.0,1.0,-1.0,-1.0,-1.0,1.0,1.0,1.0,1.0,-1.0,-1.0,0.0,-1.0,1.0,1.0,0.0,1.0,1.0,1.0,1.0,1.0,1.0,1.0,-1.0,1.0,0.0,1.0
1.0,-1.0,1.0,1.0,1.0,-1.0,1.0,-1.0,-1.0,1.0,1.0,1.0,-1.0,-1.0,0.0,-1.0,-1.0,1.0,0.0,1.0,1.0,1.0,1.0,-1.0,1.0,-1.0,-1.0,1.0,0.0,1.0
1.0,1.0,0.9694505,1.0,1.0,0.0,0.00066191657,0.94339895,0.0,0.99468595,1.0,1.0,1.0,1.0,0.0,1.0,1.0,0.98736316,1.0,0.9981823,0.94716036,1.0,0.94338846,1.0,1.0,1.0,1.0,1.0,0.033208564,1.0
1.0,0.0,0.99720967,1.0,1.0,0.0,0.0,0.96275413,1.0,0.96794707,0.907169,1.0,1.0,0.0,1.0,0.0,0.9641897,1.0,0.05054739,1.0,0.96050334,1.0,1.0,0.0,0.0,0.0,0.0,0.9653412,1.0,0.89825356
-1.0,-1.0,1.0,1.0,1.0,-1.0,0.0,-1.0,-1.0,1.0,1.0,1.0,-1.0,0.0,-1.0,-1.0,1.0,1.0,0.0,1.0,1.0,1.0,1.0,-1.0,1.0,1.0,1.0,1.0,1.0,1.0
0.0,0.0,0.0,1.0,0.0,0.0,0.0,0.90072834,0.0,0.9224886,1.0,0.0,0.98220843,0.08200109,1.0,0.0,0.984855,0.0,1.0,1.0,0.92326534,0.99107766,1.0,1.0,1.0,1.0,0.0,1.0,1.0,1.0
-1.0,1.0,1.0,1.0,1.0,-1.0,0.0,1.0,-1.0,1.0,1.0,1.0,1.0,0.0,1.0,-1.0,1.0,1.0,0.0,1.0,1.0,-1.0,1.0,1.0,1.0,0.0,1.0,1.0,1.0,1.0
-1.0,-1.0,1.0,1.0,1.0,-1.0,1.0,0.0,-1.0,1.0,1.0,1.0,1.0,0.0,-1.0,-1.0,1.0,1.0,0.0,1.0,1.0,1.0,1.0,-1.0,1.0,0.0,1.0,1.0,0.0,1.0
0.0,0.0,1.0,1.0,1.0,0.0,1.0,0.9838134,1.0,1.0,0.98761106,1.0,0.0,0.0,0.007950991,0.0,1.0,1.0,0.0,1.0,1.0,0.99121064,1.0,0.0,1.0,0.0,0.0,1.0,0.0,1.0
-1.0,-1.0,-1.0,-1.0,-1.0,-1.0,0.0,-1.0,-1.0,-1.0,-1.0,-1.0,-1.0,0.0,1.0,-1.0,-1.0,-1.0,0.0,-1.0,1.0,1.0,-1.0,-1.0,-1.0,-1.0,1.0,-1.0,1.0,1.0
-1.0,1.0,1.0,1.0,1.0,-1.0,-1.0,-1.0,-1.0,1.0,1.0,1.0,1.0,-1.0,1.0,-1.0,1.0,1.0,0.0,1.0,1.0,1.0,1.0,1.0,1.0,0.0,1.0,1.0,1.0,1.0
1.0,0.0,0.9289173,1.0,0.9238474,0.0,1.0,0.94585425,0.0,0.0,0.0,1.0,1.0,0.9757368,0.07130012,0.0,0.0,0.9996079,0.0661962,1.0,1.0,0.0,0.0,0.0,1.0,0.9144769,0.9486877,1.0,1.0,1.0
1.0,0.0,1.0,0.0,1.0,0.9894834,1.0,0.9863423,0.0,0.9776051,1.0,1.0,0.9779285,0.9688184,0.99982154,0.0,0.9902871,0.96805805,0.0050875545,0.96917355,1.0,0.9829798,0.98416364,1.0,0.9952378,0.9846772,0.0,1.0,0.0,1.0
0.9713421,0.0,1.0,0.0,1.0,0.0,1.0,0.9908756,0.0,1.0,1.0,0.98797095,1.0,0.0011220188,1.0,0.0,0.94672775,0.9452578,0.0105199665,1.0,0.96980715,0.9923759,0.9670643,1.0,1.0,0.9530919,0.95546305,0.94231224,0.0,1.0
0.0,0.0,0.0,1.0,0.0,0.0,0.0,0.98026884,0.0,1.0,1.0,0.0,0.8825055,1.0,1.0,0.0,0.9327116,0.0,0.0,1.0,1.0,1.0,1.0,1.0,0.0,0.8602325,1.0,1.0,1.0,1.0
0.0,0.0,0.0,1.0,0.0,0.0,0.9662839,0.95204115,1.0,1.0,0.9711066,0.0,1.0,0.0,0.994875,0.0,1.0,0.0,0.9851404,1.0,0.9715683,0.9320574,0.92266726,0.997974,0.0,0.96165305,0.0,0.993009,0.948846,1.0
0.95274115,0.0,0.947147,1.0,1.0,0.97253543,0.0,0.994479,0.0,0.0,0.0,0.9967493,0.0,1.0,0.97403914,0.0,0.0,1.0,0.0,0.0,0.9729129,0.0,0.0,0.0,0.0,0.9435346,0.0,1.0,1.0,0.0
-1.0,-1.0,-1.0,1.0,-1.0,-1.0,0.0,-1.0,-1.0,-1.0,-1.0,-1.0,1.0,-1.0,1.0,-1.0,-1.0,-1.0,1.0,-1.0,-1.0,-1.0,-1.0,-1.0,-1.0,1.0,-1.0,1.0,1.0,-1.0
0.9525875,0.0,1.0,1.0,0.98304284,0.0,1.0,0.0,0.0,0.94008756,1.0,0.9978602,0.9611535,1.0,0.04059577,0.0,0.9888019,1.0,0.07866666,0.92385244,1.0,0.98863167,1.0,0.0,0.98792577,0.0,0.0,1.0,0.0,1.0
1.0,-1.0,1.0,1.0,1.0,-1.0,-1.0,-1.0,-1.0,1.0,1.0,1.0,1.0,-1.0,0.0,-1.0,1.0,1.0,0.0,1.0,1.0,1.0,1.0,1.0,1.0,0.0,-1.0,1.0,0.0,1.0
1.0,0.0,1.0,0.95091724,0.0,0.0,0.9607949,0.94332904,0.98422456,1.0,0.9993224,1.0,0.0,1.0,0.9704709,0.0,1.0,0.9973578,0.002179849,0.99757534,1.0,1.0,0.9467602,0.9489981,1.0,0.9682134,1.0,0.0,0.0,0.0
0.9775444,0.0,1.0,1.0,1.0,0.0,0.0,1.0,0.0,0.94418263,0.9412971,0.9821328,0.9081694,0.0,0.0,0.0,1.0,1.0,0.0,0.9247285,1.0,0.99367917,1.0,0.0,0.9897672,0.99076444,0.0,1.0,0.0,0.9892429
1.0,0.0,1.0,1.0,1.0,0.0,0.0,0.98587537,0.0,1.0,0.95909834,1.0,0.0,0.0,0.0,0.0,0.9856814,1.0,0.0,1.0,1.0,0.9465853,0.9811095,0.92859244,1.0,0.9762144,1.0,1.0,0.0,0.92676455
0.9848381,1.0,1.0,1.0,1.0,0.0,0.9488672,0.9976839,0.9791372,1.0,0.97333777,1.0,0.0,1.0,1.0,0.0,0.96702933,1.0,0.0076054893,0.9659628,1.0,0.99646425,1.0,0.0,0.94905645,1.0,0.9774003,0.91675526,0.01479049,0.0
1.0,0.0,1.0,1.0,1.0,0.0,0.0,0.0,0.0,0.0,0.0,1.0,1.0,0.0,0.0,0.0,0.0,1.0,0.0,1.0,1.0,0.0,1.0,1.0,1.0,1.0,0.0,0.0,0.0,1.0
1.0,0.0,1.0,1.0,1.0,0.9547028,0.98972726,0.99867094,0.0,0.9709484,1.0,0.983565,0.9955457,0.0,0.0075545944,0.0,0.9844977,1.0,0.0,1.0,1.0,1.0,1.0,1.0,1.0,0.0,0.0,0.9652709,0.0,1.0
1.0,-1.0,1.0,1.0,1.0,-1.0,-1.0,-1.0,1.0,1.0,1.0,1.0,-1.0,0.0,-1.0,-1.0,1.0,1.0,0.0,1.0,1.0,1.0,1.0,-1.0,-1.0,-1.0,-1.0,-1.0,1.0,1.0
0.9849407,0.0,1.0,1.0,0.98483604,0.0,0.006015096,1.0,0.0,1.0,1.0,0.98114276,0.92019224,0.011379555,0.97621864,0.0,1.0,1.0,0.0,1.0,1.0,1.0,1.0,0.0,0.0,0.99081486,0.0,1.0,1.0,1.0
0.9975912,0.0,1.0,0.0,1.0,0.9900683,1.0,0.9967304,0.0,1.0,1.0,0.9772606,0.9834057,0.0,0.9991777,0.0,1.0,0.9840833,0.0,0.9888526,1.0,0.98867726,0.9882089,1.0,1.0,0.99698836,0.0,1.0,0.0,0.98886013
0.9912279,0.0,0.95636463,0.91871625,1.0,0.0,1.0,0.99844193,0.0,1.0,1.0,1.0,0.96626014,0.13934064,0.0,0.0,1.0,0.9924183,0.037520006,1.0,1.0,1.0,1.0,0.0,0.0,0.0,0.0,0.0,0.97914624,1.0
0.9310329,1.0,1.0,0.0,1.0,0.0,0.050747067,0.92411375,0.0,1.0,1.0,1.0,0.995597,0.0,0.022389188,0.0,1.0,0.0,0.0,1.0,1.0,0.95399606,0.9599949,0.0,1.0,1.0,0.0,1.0,0.0,0.9900909
1.0,-1.0,1.0,1.0,1.0,-1.0,0.0,0.0,1.0,-1.0,1.0,-1.0,-1.0,-1.0,0.0,-1.0,1.0,1.0,0.0,-1.0,1.0,-1.0,1.0,-1.0,1.0,-1.0,-1.0,1.0,1.0,1.0
0.0,0.9912299,0.0,1.0,0.0,0.9990333,0.006421976,0.9861705,0.0,0.0,1.0,0.0,1.0,1.0,0.99169767,0.99629295,0.0,0.0,0.99632657,1.0,1.0,0.0,1.0,0.0,0.0,0.00543594,0.0,1.0,1.0,0.0
-1.0,-1.0,1.0,-1.0,1.0,-1.0,0.0,-1.0,1.0,1.0,1.0,1.0,-1.0,-1.0,0.0,-1.0,1.0,1.0,0.0,1.0,1.0,1.0,1.0,-1.0,1.0,-1.0,1.0,1.0,1.0,-1.0
0.9973726,0.0,1.0,0.93666005,1.0,0.0,0.0,0.94588834,1.0,1.0,0.9316181,1.0,1.0,1.0,0.0,0.0,1.0,1.0,0.0,0.9685854,1.0,0.9558292,0.9126896,1.0,1.0,1.0,0.9862795,0.96010035,0.02955176,0.95093507
1.0,-1.0,1.0,1.0,1.0,-1.0,-1.0,1.0,-1.0,1.0,1.0,1.0,-1.0,0.0,0.0,-1.0,1.0,1.0,0.0,1.0,1.0,1.0,1.0,-1.0,-1.0,1.0,-1.0,1.0,0.0,1.0
1.0,-1.0,1.0,1.0,1.0,-1.0,-1.0,-1.0,1.0,1.0,1.0,1.0,-1.0,0.0,-1.0,-1.0,1.0,1.0,0.0,1.0,1.0,1.0,1.0,-1.0,1.0,0.0,1.0,1.0,0.0,1.0
0.0,1.0,0.0,1.0,0.0,0.9792224,0.033998027,0.97595006,0.0,0.0,0.97349477,0.0,0.98344046,1.0,0.9831128,0.98163885,0.0,0.0,1.0,0.98505366,1.0,0.0,0.9944983,0.0,0.0,0.0,0.0,1.0,1.0,0.0
1.0,1.0,1.0,1.0,1.0,-1.0,0.0,0.0,1.0,1.0,1.0,1.0,-1.0,-1.0,0.0,1.0,1.0,1.0,0.0,1.0,1.0,1.0,1.0,1.0,1.0,0.0,-1.0,1.0,0.0,1.0
-1.0,-1.0,1.0,-1.0,1.0,-1.0,0.0,-1.0,-1.0,-1.0,-1.0,1.0,1.0,-1.0,0.0,-1.0,-1.0,1.0,0.0,-1.0,1.0,-1.0,-1.0,1.0,1.0,1.0,-1.0,1.0,1.0,1.0
0.0,0.0,0.0,0.9676529,0.0,0.0,0.0,0.8602325,0.0,1.0,0.92008674,0.0,0.9862669,0.970987,0.993884,0.0,0.98200285,0.0,0.9350375,1.0,1.0,1.0,0.93253696,0.99884975,0.0,1.0,0.0,1.0,0.9906227,1.0
1.0,0.0,1.0,0.9689491,0.9954484,0.0,0.99948096,1.0,0.0,1.0,0.98234624,0.97726095,0.9930516,0.059183925,0.0,0.0,0.99469435,0.9424281,0.0,1.0,0.96143407,0.9409795,1.0,1.0,0.93539333,0.9985172,0.0,1.0,0.0,1.0
0.0,0.0,1.0,1.0,0.9908198,0.99258614,1.0,0.98892975,0.0,0.9883593,1.0,1.0,1.0,0.0,0.0010891692,1.0,1.0,0.995459,0.0,0.9869141,1.0,0.9933768,0.9941712,0.9959725,0.9856776,0.0,0.0,1.0,1.0,0.9832411
1.0,-1.0,1.0,1.0,1.0,-1.0,1.0,-1.0,-1.0,1.0,1.0,1.0,1.0,-1.0,-1.0,-1.0,1.0,1.0,0.0,1.0,1.0,1.0,1.0,-1.0,-1.0,-1.0,-1.0,1.0,1.0,1.0
1.0,-1.0,1.0,1.0,1.0,-1.0,0.0,0.0,1.0,1.0,1.0,1.0,-1.0,-1.0,-1.0,-1.0,1.0,1.0,0.0,1.0,1.0,1.0,1.0,1.0,-1.0,0.0,-1.0,1.0,1.0,1.0
0.9568801,0.0,1.0,0.0,1.0,0.0,1.0,0.9668314,0.9492508,0.97889787,1.0,1.0,0.0,0.93829536,0.9911305,0.0,1.0,1.0,0.0013089571,1.0,0.9804811,1.0,0.98746955,1.0,1.0,1.0,0.0,0.9155891,0.0,0.905681
1.0,-1.0,1.0,1.0,1.0,-1.0,-1.0,-1.0,-1.0,1.0,1.0,1.0,-1.0,0.0,-1.0,-1.0,1.0,1.0,0.0,1.0,1.0,1.0,1.0,-1.0,1.0,1.0,-1.0,1.0,0.0,1.0
0.99707055,0.0,1.0,1.0,1.0,0.0,0.0,0.937342,0.0,1.0,1.0,1.0,1.0,0.011158615,0.0,1.0,1.0,1.0,0.96447486,1.0,0.9688218,1.0,0.9276097,0.0,0.9850286,0.9658592,1.0,0.937758,0.0,1.0
1.0,-1.0,1.0,1.0,1.0,-1.0,-1.0,-1.0,1.0,1.0,1.0,1.0,1.0,0.0,0.0,-1.0,1.0,1.0,0.0,1.0,1.0,1.0,1.0,-1.0,1.0,1.0,-1.0,1.0,0.0,1.0
0.0,0.0,0.0,0.0,0.0,0.0,0.0,0.92633694,1.0,1.0,1.0,0.0,0.0,0.9216468,0.0,0.0,0.9012543,0.0,0.0,1.0,0.9773366,1.0,1.0,0.0,0.0,1.0,0.0,0.0,0.9822846,0.9695162
0.89621127,0.0,0.9739148,1.0,0.97433627,0.0,0.9979431,0.9757872,0.0,1.0,1.0,0.90246207,0.91459614,0.061460495,0.0,0.0,1.0,1.0,0.0,1.0,1.0,1.0,1.0,1.0,1.0,0.9653673,0.9403379,0.0,0.0,0.99877626
1.0,0.9756982,0.9302614,1.0,1.0,0.98241246,0.0,0.9927965,0.0,1.0,1.0,1.0,1.0,1.0,0.0,1.0,0.0,0.0,0.0,1.0,0.9573629,1.0,0.9964388,1.0,0.0,1.0,0.0,0.0,1.0,0.0
0.97825265,0.0,0.9299024,1.0,0.0,0.0,1.0,0.9719758,0.0,1.0,0.9760301,1.0,1.0,0.0,1.0,0.0,0.97702646,1.0,0.0,1.0,0.97844374,1.0,0.94637084,1.0,0.0,0.9467019,1.0,1.0,1.0,1.0
1.0,-1.0,-1.0,1.0,-1.0,-1.0,0.0,-1.0,1.0,1.0,1.0,-1.0,-1.0,-1.0,-1.0,-1.0,1.0,-1.0,1.0,1.0,1.0,1.0,1.0,-1.0,-1.0,-1.0,1.0,-1.0,0.0,1.0
1.0,0.0,0.96544594,1.0,0.9915281,0.0,1.0,0.959035,1.0,1.0,0.97248137,1.0,0.0,0.9996205,0.0,1.0,1.0,0.93328905,0.0,1.0,1.0,0.9787936,1.0,0.0,1.0,0.021918237,1.0,1.0,0.0,0.9689008
1.0,-1.0,1.0,1.0,1.0,-1.0,1.0,0.0,-1.0,1.0,1.0,1.0,1.0,-1.0,1.0,-1.0,1.0,1.0,0.0,1.0,1.0,1.0,1.0,1.0,1.0,0.0,-1.0,1.0,0.0,1.0
1.0,-1.0,1.0,1.0,1.0,-1.0,-1.0,1.0,1.0,-1.0,-1.0,1.0,-1.0,0.0,-1.0,-1.0,-1.0,1.0,0.0,-1.0,1.0,-1.0,-1.0,-1.0,-1.0,0.0,-1.0,1.0,0.0,-1.0
1.0,-1.0,1.0,1.0,1.0,-1.0,-1.0,-1.0,-1.0,1.0,1.0,1.0,-1.0,0.0,-1.0,-1.0,1.0,1.0,0.0,1.0,1.0,1.0,1.0,1.0,1.0,-1.0,1.0,1.0,0.0,1.0
0.0,0.0,1.0,0.9374443,1.0,0.0,0.96266615,0.91792506,0.0,1.0,0.97335184,0.94799614,1.0,1.0,0.0,0.0,1.0,1.0,0.0,1.0,1.0,0.9104742,1.0,0.0,1.0,0.9332682,0.0,1.0,1.0,0.9225254
1.0,0.0,1.0,0.98976624,1.0,0.0,0.0,0.95076084,0.0,0.94122267,1.0,1.0,1.0,0.0,0.0,0.0,1.0,1.0,0.0,0.95879436,1.0,0.9547084,0.9750699,1.0,0.9011306,1.0,1.0,1.0,0.0,1.0
0.0,0.0,0.98045206,0.0,1.0,0.0,0.9250412,0.952656,0.0,0.0,0.9492223,0.0,1.0,0.070260346,0.0,0.99553025,0.0,0.0,0.0,0.0,0.9800799,0.0,0.0,0.0,0.9857392,1.0,0.0,1.0,0.0,0.98118484
1.0,1.0,1.0,1.0,1.0,-1.0,0.0,0.0,-1.0,1.0,1.0,1.0,1.0,-1.0,0.0,1.0,1.0,1.0,0.0,1.0,1.0,1.0,1.0,1.0,-1.0,1.0,-1.0,-1.0,1.0,1.0
1.0,-1.0,1.0,1.0,1.0,-1.0,-1.0,0.0,1.0,1.0,1.0,1.0,-1.0,-1.0,-1.0,-1.0,-1.0,1.0,0.0,1.0,1.0,1.0,1.0,1.0,1.0,1.0,-1.0,1.0,1.0,1.0
0.0,0.0,0.0,0.9824321,1.0,0.0,0.0,0.94320846,1.0,0.96853614,0.9494846,0.0,0.0,0.0,0.0,0.0,0.0,1.0,0.04250142,0.97239435,0.93087804,1.0,0.97652805,0.93247676,0.0,1.0,0.0,1.0,1.0,1.0
