source,target,model,seed,operating_point,average_precision,roc_auc,f1,precision,recall,fpr,balanced_accuracy
iscx,iscx,always_malicious,11,default,0.0,0.0,0.0,0.0,0.0,0.0,0.0
iscx,iscx,always_malicious,11,validation_f1,0.0,0.0,0.0,0.0,0.0,0.0,0.0
iscx,iscx,always_malicious,11,validation_fpr_limit,0.0,0.0,0.0,0.0,0.0,0.0,0.0
iscx,iscx,always_malicious,23,default,0.0,0.0,0.0,0.0,0.0,0.0,0.0
iscx,iscx,always_malicious,23,validation_f1,0.0,0.0,0.0,0.0,0.0,0.0,0.0
iscx,iscx,always_malicious,23,validation_fpr_limit,0.0,0.0,0.0,0.0,0.0,0.0,0.0
iscx,iscx,always_malicious,37,default,0.0,0.0,0.0,0.0,0.0,0.0,0.0
iscx,iscx,always_malicious,37,validation_f1,0.0,0.0,0.0,0.0,0.0,0.0,0.0
iscx,iscx,always_malicious,37,validation_fpr_limit,0.0,0.0,0.0,0.0,0.0,0.0,0.0
iscx,iscx,always_malicious,51,default,0.0,0.0,0.0,0.0,0.0,0.0,0.0
iscx,iscx,always_malicious,51,validation_f1,0.0,0.0,0.0,0.0,0.0,0.0,0.0
iscx,iscx,always_malicious,51,validation_fpr_limit,0.0,0.0,0.0,0.0,0.0,0.0,0.0
iscx,iscx,always_malicious,71,default,0.0,0.0,0.0,0.0,0.0,0.0,0.0
iscx,iscx,always_malicious,71,validation_f1,0.0,0.0,0.0,0.0,0.0,0.0,0.0
iscx,iscx,always_malicious,71,validation_fpr_limit,0.0,0.0,0.0,0.0,0.0,0.0,0.0
iscx,iscx,ddqn,11,default,0.0009129094862689868,0.0005715007125756122,0.004552526229394505,-0.008169934640522847,0.01713909030982208,0.0102827763496144,0.0034281569801039025
iscx,iscx,ddqn,11,validation_f1,0.0009129094862689868,0.0005715007125756122,0.011071793355407644,0.00897211602842396,0.013183915622940079,-0.008354755784061696,0.010769335703500804
iscx,iscx,ddqn,11,validation_fpr_limit,0.0009129094862689868,0.0005715007125756122,0.000587609373327802,-0.0008802236326093116,0.0013183915622939635,0.0006426735218508992,0.0003378590202216536
iscx,iscx,ddqn,23,default,0.0014631818516314121,0.001045138812397095,0.009464155502603933,0.022967448571366123,-0.0039551746868820015,-0.025064267352185088,0.010554546332651515
iscx,iscx,ddqn,23,validation_f1,0.0014631818516314121,0.001045138812397095,0.0022518294028458508,-0.0036819649782754427,0.007910349373764003,0.004498714652956301,0.0017058173604038718
iscx,iscx,ddqn,23,validation_fpr_limit,0.0014631818516314121,0.001045138812397095,0.005309853474929405,-0.0016982077189038325,0.00856954515491093,0.0012853470437018,0.0036420990556045307
iscx,iscx,ddqn,37,default,0.0009947281012596676,-0.0001258233592550395,0.004194139194139135,0.027306826706676723,-0.014502307185234042,-0.02570694087403599,0.005602316844400934
iscx,iscx,ddqn,37,validation_f1,0.0009947281012596676,-0.0001258233592550395,0.018886215950157048,0.08665209079290637,-0.05075807514831909,-0.10218508997429307,0.025713507412987058
iscx,iscx,ddqn,37,validation_fpr_limit,0.0009947281012596676,-0.0001258233592550395,0.004676533346786971,-0.0007979694297826079,0.007251153592617077,0.0006426735218508992,0.003304240035383099
iscx,iscx,ddqn,51,default,-4.807255227223806e-07,0.00015547869645293755,-0.002587833194637068,0.0032816972102700515,-0.007910349373764003,-0.003856041131105395,-0.0020271541213293665
iscx,iscx,ddqn,51,validation_f1,-4.807255227223806e-07,0.00015547869645293755,0.018312617398017927,0.048527128428130006,-0.013843111404087005,-0.05719794344473007,0.021677416020321583
iscx,iscx,ddqn,51,validation_fpr_limit,-4.807255227223806e-07,0.00015547869645293755,0.009828325567448948,-0.004220116435474597,0.016479894528675043,0.0032133676092544975,0.00663326345971027
iscx,iscx,ddqn,71,default,0.000384373991414666,0.00017073001272649435,0.008588542932968957,-0.0037534775711034474,0.019775873434410007,0.005141388174807193,0.007317242629801379
iscx,iscx,ddqn,71,validation_f1,0.000384373991414666,0.00017073001272649435,0.00324585956718193,-0.010989137418327521,0.020435069215556934,0.017352185089974298,0.0015414420627912762
iscx,iscx,ddqn,71,validation_fpr_limit,0.000384373991414666,0.00017073001272649435,-0.006235387206650178,-0.0010600654731049985,-0.00856954515491104,0.0006426735218508992,-0.004606109338381015
iscx,iscx,dqn,11,default,0.0011957772371733455,0.0007769698345909681,-0.005162190667284072,0.003289763150591263,-0.013843111404087005,-0.005141388174807207,-0.004350861614639823
iscx,iscx,dqn,11,validation_f1,0.0011957772371733455,0.0007769698345909681,-0.00024149211943291782,-0.009842864078448366,0.011206328279498967,0.014138817480719795,-0.0014662446006104002
iscx,iscx,dqn,11,validation_fpr_limit,0.0011957772371733455,0.0007769698345909681,0.009285325412926593,0.00027109968877747637,0.013183915622939968,0.0,0.006591957811469928
iscx,iscx,dqn,23,default,0.001394483631319221,0.0006824964032312586,0.003982188866167635,0.02323672669345689,-0.015161502966380969,-0.026349614395886886,0.005594055714753021
iscx,iscx,dqn,23,validation_f1,0.001394483631319221,0.0006824964032312586,0.020878352332868277,0.06480862133036047,-0.026367831245880047,-0.07776349614395886,0.02569783244903945
iscx,iscx,dqn,23,validation_fpr_limit,0.001394483631319221,0.0006824964032312586,0.009409592178762693,0.0011641583668079436,0.013183915622939968,-0.0006426735218508992,0.006913294572395312
iscx,iscx,dqn,37,default,0.00015668588591255528,-0.0004988451364401625,-0.008648690470455578,0.02712327984988183,-0.03691496374423209,-0.02634961439588689,-0.005282674674172538
iscx,iscx,dqn,37,validation_f1,0.00015668588591255528,-0.0004988451364401625,-0.01608385741528917,-0.05333996188955936,0.027027027027026973,0.06876606683804627,-0.02086951990550967
iscx,iscx,dqn,37,validation_fpr_limit,0.00015668588591255528,-0.0004988451364401625,-9.774606461010471e-05,0.0036088335627505463,-0.0019775873434410007,-0.0025706940874036,0.0002965533719812008
iscx,iscx,dqn,51,default,0.0004537864386615631,0.0003842484405529589,0.0030941987159414097,-0.014923860154982815,0.019775873434410007,0.0167095115681234,0.0015331809331433632
iscx,iscx,dqn,51,validation_f1,0.0004537864386615631,0.0003842484405529589,0.0238218548324719,0.07339400186089273,-0.029004614370468085,-0.08740359897172237,0.029199492300627128
iscx,iscx,dqn,51,validation_fpr_limit,0.0004537864386615631,0.0003842484405529589,0.01873173747744583,-0.003219036824849697,0.029004614370468085,0.0025706940874035992,0.013216960141532175
iscx,iscx,dqn,71,default,0.0005688352471110436,-0.00021012924643237785,0.001522255373561432,0.01774465718750895,-0.013183915622939968,-0.018637532133676096,0.002726808255368196
iscx,iscx,dqn,71,validation_f1,0.0005688352471110436,-0.00021012924643237785,-0.0009947347146143093,-0.011890609924063322,0.011865524060646004,0.016709511568123392,-0.0024219937537386382
iscx,iscx,dqn,71,validation_fpr_limit,0.0005688352471110436,-0.00021012924643237785,0.0035912355668696883,-0.002655551765601727,0.0065919578114700395,0.0019280205655526983,0.0023319686229587022
iscx,iscx,logistic,11,default,0.0,0.0,0.0,0.0,0.0,0.0,0.0
iscx,iscx,logistic,11,validation_f1,0.0,0.0,0.0,0.0,0.0,0.0,0.0
iscx,iscx,logistic,11,validation_fpr_limit,0.0,0.0,0.0,0.0,0.0,0.0,0.0
iscx,iscx,logistic,23,default,0.0,0.0,0.0,0.0,0.0,0.0,0.0
iscx,iscx,logistic,23,validation_f1,0.0,0.0,0.0,0.0,0.0,0.0,0.0
iscx,iscx,logistic,23,validation_fpr_limit,0.0,0.0,0.0,0.0,0.0,0.0,0.0
iscx,iscx,logistic,37,default,0.0,0.0,0.0,0.0,0.0,0.0,0.0
iscx,iscx,logistic,37,validation_f1,0.0,0.0,0.0,0.0,0.0,0.0,0.0
iscx,iscx,logistic,37,validation_fpr_limit,0.0,0.0,0.0,0.0,0.0,0.0,0.0
iscx,iscx,logistic,51,default,0.0,0.0,0.0,0.0,0.0,0.0,0.0
iscx,iscx,logistic,51,validation_f1,0.0,0.0,0.0,0.0,0.0,0.0,0.0
iscx,iscx,logistic,51,validation_fpr_limit,0.0,0.0,0.0,0.0,0.0,0.0,0.0
iscx,iscx,logistic,71,default,0.0,0.0,0.0,0.0,0.0,0.0,0.0
iscx,iscx,logistic,71,validation_f1,0.0,0.0,0.0,0.0,0.0,0.0,0.0
iscx,iscx,logistic,71,validation_fpr_limit,0.0,0.0,0.0,0.0,0.0,0.0,0.0
iscx,iscx,mlp,11,default,0.0012366210456163929,0.0010417496310027863,0.0038319195548734974,-0.02695297490615678,0.030982201713908974,0.02827763496143959,0.0013522833762347197
iscx,iscx,mlp,11,validation_f1,0.0012366210456163929,0.0010417496310027863,0.0001189776842480672,-0.00109641156383955,0.0013183915622939635,0.0012853470437017983,1.6522259296047892e-05
iscx,iscx,mlp,11,validation_fpr_limit,0.0012366210456163929,0.0010417496310027863,0.010413930137611938,0.00018599575929667544,0.015820698747528006,0.0,0.007910349373764003
iscx,iscx,mlp,23,default,0.0009451380536247278,0.0004350861614640378,0.0001227670045942375,-0.0011878470011149611,0.0013183915622939635,0.0012853470437017983,1.6522259296047892e-05
iscx,iscx,mlp,23,validation_f1,0.0009451380536247278,0.0004350861614640378,-0.007736619467419437,0.002885647168005545,-0.020435069215556934,-0.0070694087403599115,-0.006682830237598525
iscx,iscx,mlp,23,validation_fpr_limit,0.0009451380536247278,0.0004350861614640378,0.03071513870523801,-0.0010592308609893575,0.048121292023731055,0.0012853470437017992,0.023417972490014538
iscx,iscx,mlp,37,default,0.0003476806885734929,-0.0003901795079924719,-0.0038811997021818145,-0.03145660658005789,0.022412656558998045,0.03470437017994858,-0.006145856810475192
iscx,iscx,mlp,37,validation_f1,0.0003476806885734929,-0.0003901795079924719,0.00970845619645988,0.044950063138560425,-0.030323005932761937,-0.057840616966580966,0.013758805516909556
iscx,iscx,mlp,37,validation_fpr_limit,0.0003476806885734929,-0.0003901795079924719,0.011693777935656735,0.0086499092420389,0.013183915622940079,-0.006426735218508997,0.009805325420724431
iscx,iscx,mlp,51,default,0.0005919565645797764,8.472953485494372e-07,0.009885421036744835,0.034653328064446765,-0.011865524060646004,-0.03406169665809768,0.011098086298725773
iscx,iscx,mlp,51,validation_f1,0.0005919565645797764,8.472953485494372e-07,-0.005048911328494832,-0.004842615012106477,-0.005273566249175965,0.005141388174807193,-0.005207477211991662
iscx,iscx,mlp,51,validation_fpr_limit,0.0005919565645797764,8.472953485494372e-07,0.008004531133845472,0.0019036137908976514,0.011206328279499078,-0.0012853470437018,0.006245837661600473
iscx,iscx,mlp,71,default,0.001837375794508267,0.0014035447448199623,0.012482599815265338,-0.014550749440727984,0.03427818061964405,0.014781491002570694,0.009748344808536702
iscx,iscx,mlp,71,validation_f1,0.001837375794508267,0.0014035447448199623,-0.005470943071126277,0.0022356985781001315,-0.014502307185234042,-0.005141388174807193,-0.004680459505213452
iscx,iscx,mlp,71,validation_fpr_limit,0.001837375794508267,0.0014035447448199623,0.019061519483033584,0.0038320485109357705,0.027027027027027084,-0.0025706940874035984,0.014798860557215354
iscx,iscx,random_forest,11,default,0.0,0.0,0.0,0.0,0.0,0.0,0.0
iscx,iscx,random_forest,11,validation_f1,0.0,0.0,0.0,0.0,0.0,0.0,0.0
iscx,iscx,random_forest,11,validation_fpr_limit,0.0,0.0,0.0,0.0,0.0,0.0,0.0
iscx,iscx,random_forest,23,default,0.0,0.0,0.0,0.0,0.0,0.0,0.0
iscx,iscx,random_forest,23,validation_f1,0.0,0.0,0.0,0.0,0.0,0.0,0.0
iscx,iscx,random_forest,23,validation_fpr_limit,0.0,0.0,0.0,0.0,0.0,0.0,0.0
iscx,iscx,random_forest,37,default,0.0,0.0,0.0,0.0,0.0,0.0,0.0
iscx,iscx,random_forest,37,validation_f1,0.0,0.0,0.0,0.0,0.0,0.0,0.0
iscx,iscx,random_forest,37,validation_fpr_limit,0.0,0.0,0.0,0.0,0.0,0.0,0.0
iscx,iscx,random_forest,51,default,0.0,0.0,0.0,0.0,0.0,0.0,0.0
iscx,iscx,random_forest,51,validation_f1,0.0,0.0,0.0,0.0,0.0,0.0,0.0
iscx,iscx,random_forest,51,validation_fpr_limit,0.0,0.0,0.0,0.0,0.0,0.0,0.0
iscx,iscx,random_forest,71,default,0.0,0.0,0.0,0.0,0.0,0.0,0.0
iscx,iscx,random_forest,71,validation_f1,0.0,0.0,0.0,0.0,0.0,0.0,0.0
iscx,iscx,random_forest,71,validation_fpr_limit,0.0,0.0,0.0,0.0,0.0,0.0,0.0
iscx,mendeley,always_malicious,11,default,0.0,0.0,0.0,0.0,0.0,0.0,0.0
iscx,mendeley,always_malicious,11,validation_f1,0.0,0.0,0.0,0.0,0.0,0.0,0.0
iscx,mendeley,always_malicious,11,validation_fpr_limit,0.0,0.0,0.0,0.0,0.0,0.0,0.0
iscx,mendeley,always_malicious,23,default,0.0,0.0,0.0,0.0,0.0,0.0,0.0
iscx,mendeley,always_malicious,23,validation_f1,0.0,0.0,0.0,0.0,0.0,0.0,0.0
iscx,mendeley,always_malicious,23,validation_fpr_limit,0.0,0.0,0.0,0.0,0.0,0.0,0.0
iscx,mendeley,always_malicious,37,default,0.0,0.0,0.0,0.0,0.0,0.0,0.0
iscx,mendeley,always_malicious,37,validation_f1,0.0,0.0,0.0,0.0,0.0,0.0,0.0
iscx,mendeley,always_malicious,37,validation_fpr_limit,0.0,0.0,0.0,0.0,0.0,0.0,0.0
iscx,mendeley,always_malicious,51,default,0.0,0.0,0.0,0.0,0.0,0.0,0.0
iscx,mendeley,always_malicious,51,validation_f1,0.0,0.0,0.0,0.0,0.0,0.0,0.0
iscx,mendeley,always_malicious,51,validation_fpr_limit,0.0,0.0,0.0,0.0,0.0,0.0,0.0
iscx,mendeley,always_malicious,71,default,0.0,0.0,0.0,0.0,0.0,0.0,0.0
iscx,mendeley,always_malicious,71,validation_f1,0.0,0.0,0.0,0.0,0.0,0.0,0.0
iscx,mendeley,always_malicious,71,validation_fpr_limit,0.0,0.0,0.0,0.0,0.0,0.0,0.0
iscx,mendeley,ddqn,11,default,-0.006887163456097578,-0.010837834766799531,0.0029270304774855482,0.0014141789965178009,0.006852667645619204,0.0019642857142857517,0.002444190965666726
iscx,mendeley,ddqn,11,validation_f1,-0.006887163456097578,-0.010837834766799531,-0.0008348634563341006,-0.00045433690219520706,-0.0017947462881383602,-0.00017857142857147235,-0.0008080874297834439
iscx,mendeley,ddqn,11,validation_fpr_limit,-0.006887163456097578,-0.010837834766799531,0.0032832666932306465,0.001620706887793033,0.007178985152553441,0.0024999999999999467,0.002339492576276747
iscx,mendeley,ddqn,23,default,0.0307917008836473,0.04295027445633173,-0.000919856500422922,-0.0004061286705471234,-0.0022842225485397716,-0.0008928571428571397,-0.000695682702841316
iscx,mendeley,ddqn,23,validation_f1,0.0307917008836473,0.04295027445633173,0.004896184369565848,0.002325899925135655,0.011584271496165699,0.0035714285714285587,0.00400642146236857
iscx,mendeley,ddqn,23,validation_fpr_limit,0.0307917008836473,0.04295027445633173,0.0029666899663790547,0.0015608172488727479,0.006200032631750729,0.001607142857142807,0.002296444887303961
iscx,mendeley,ddqn,37,default,-0.003911493205577488,-0.00936448208749971,-0.0010139245981695133,-0.00029536713457523067,-0.002936857562408246,-0.002142857142857113,-0.0003970002097755665
iscx,mendeley,ddqn,37,validation_f1,-0.003911493205577488,-0.00936448208749971,-0.012699705178815135,-0.005984609578443101,-0.03034752814488495,-0.009464285714285703,-0.010441621215299624
iscx,mendeley,ddqn,37,validation_fpr_limit,-0.003911493205577488,-0.00936448208749971,-0.007270738380402375,-0.004485547708588555,-0.01337901778430406,0.0008928571428571397,-0.0071359374635805994
iscx,mendeley,ddqn,51,default,0.08394409431491945,0.12053121285224816,-0.0008274064140351145,-0.00023356784594813496,-0.0024473813020068347,-0.0017857142857142794,-0.00033083350814627766
iscx,mendeley,ddqn,51,validation_f1,0.08394409431491945,0.12053121285224816,-0.00387631389953913,-0.0019244019049468042,-0.008973731440691801,-0.002142857142857113,-0.003415437148917344
iscx,mendeley,ddqn,51,validation_fpr_limit,0.08394409431491945,0.12053121285224816,0.008008643474006205,0.004541516884002006,0.015826399086310894,0.0019642857142857517,0.006931056686012571
iscx,mendeley,ddqn,71,default,-0.024503641453349323,-0.0305658403841223,0.004567015899130222,0.002265866992679,0.010442160221895924,0.002678571428571419,0.0038817943966622526
iscx,mendeley,ddqn,71,validation_f1,-0.024503641453349323,-0.0305658403841223,0.009610235249697507,0.004742631250994389,0.022515907978463034,0.005357142857142838,0.008579382560660098
iscx,mendeley,ddqn,71,validation_fpr_limit,-0.024503641453349323,-0.0305658403841223,-0.00028761950121847235,-0.0003695397634697617,0.0,0.0014285714285713347,-0.0007142857142856673
iscx,mendeley,dqn,11,default,0.019707586859720516,0.021016930634221387,-0.001633491151267985,-0.000766212574480174,-0.003915810083210958,-0.0012499999999999734,-0.0013329050416054922
iscx,mendeley,dqn,11,validation_f1,0.019707586859720516,0.021016930634221387,0.005111719097053435,0.002383301391034709,0.012400065263501348,0.003928571428571392,0.0042357469174649776
iscx,mendeley,dqn,11,validation_fpr_limit,0.019707586859720516,0.021016930634221387,0.005779471761474753,0.003262517143542476,0.011421112742698636,0.001607142857142918,0.004906984942777859
iscx,mendeley,dqn,23,default,-0.07751908751023495,-0.12201251952077949,-0.004459396002179483,-0.0022648097014207336,-0.010115842714961687,-0.002142857142857113,-0.003986492786052287
iscx,mendeley,dqn,23,validation_f1,-0.07751908751023495,-0.12201251952077949,-0.00629182621365898,-0.0032338679854190255,-0.014194811551639708,-0.002678571428571419,-0.005758120061534144
iscx,mendeley,dqn,23,validation_fpr_limit,-0.07751908751023495,-0.12201251952077949,0.004548274227546778,0.00246388202592579,0.009300048947626038,0.0019642857142857517,0.0036678816166701433
iscx,mendeley,dqn,37,default,-0.02494206426186335,-0.04231130398806604,-0.004567970936119714,-0.0021837005975234303,-0.010605318975362987,-0.0033928571428571974,-0.003606230916252895
iscx,mendeley,dqn,37,validation_f1,-0.02494206426186335,-0.04231130398806604,0.0114527520112504,0.00565542529925267,0.02675803556860823,0.00642857142857145,0.01016473207001839
iscx,mendeley,dqn,37,validation_fpr_limit,-0.02494206426186335,-0.04231130398806604,0.0006562985998204152,0.0003693876353961234,0.00130527002773706,0.00017857142857136132,0.0005633492995828493
iscx,mendeley,dqn,51,default,-0.018991482587437658,-0.035803265505908705,0.006390428477190957,0.00321179698292523,0.014521129058574056,0.0033928571428571974,0.005564135957858429
iscx,mendeley,dqn,51,validation_f1,-0.018991482587437658,-0.035803265505908705,-0.00912904699953132,-0.004594154655124583,-0.02088432044379185,-0.004642857142857171,-0.008120731650467339
iscx,mendeley,dqn,51,validation_fpr_limit,-0.018991482587437658,-0.035803265505908705,0.010303680050976594,0.005881039216604822,0.020231685429923374,0.0023214285714285854,0.008955128429247394
iscx,mendeley,dqn,71,default,0.031777401232966185,0.03833346444304597,-0.004030686436465314,-0.0019120929470842762,-0.009463207701093101,-0.0030357142857142527,-0.0032137467076894244
iscx,mendeley,dqn,71,validation_f1,0.031777401232966185,0.03833346444304597,0.004702956864099828,0.002679316986920921,0.009789525208027339,0.0,0.004894762604013669
iscx,mendeley,dqn,71,validation_fpr_limit,0.031777401232966185,0.03833346444304597,0.009340514249715715,0.005351762318243358,0.01827378038831784,0.0019642857142856407,0.0081547473370161
iscx,mendeley,logistic,11,default,0.0,0.0,0.0,0.0,0.0,0.0,0.0
iscx,mendeley,logistic,11,validation_f1,0.0,0.0,0.0,0.0,0.0,0.0,0.0
iscx,mendeley,logistic,11,validation_fpr_limit,0.0,0.0,0.0,0.0,0.0,0.0,0.0
iscx,mendeley,logistic,23,default,0.0,0.0,0.0,0.0,0.0,0.0,0.0
iscx,mendeley,logistic,23,validation_f1,0.0,0.0,0.0,0.0,0.0,0.0,0.0
iscx,mendeley,logistic,23,validation_fpr_limit,0.0,0.0,0.0,0.0,0.0,0.0,0.0
iscx,mendeley,logistic,37,default,0.0,0.0,0.0,0.0,0.0,0.0,0.0
iscx,mendeley,logistic,37,validation_f1,0.0,0.0,0.0,0.0,0.0,0.0,0.0
iscx,mendeley,logistic,37,validation_fpr_limit,0.0,0.0,0.0,0.0,0.0,0.0,0.0
iscx,mendeley,logistic,51,default,0.0,0.0,0.0,0.0,0.0,0.0,0.0
iscx,mendeley,logistic,51,validation_f1,0.0,0.0,0.0,0.0,0.0,0.0,0.0
iscx,mendeley,logistic,51,validation_fpr_limit,0.0,0.0,0.0,0.0,0.0,0.0,0.0
iscx,mendeley,logistic,71,default,0.0,0.0,0.0,0.0,0.0,0.0,0.0
iscx,mendeley,logistic,71,validation_f1,0.0,0.0,0.0,0.0,0.0,0.0,0.0
iscx,mendeley,logistic,71,validation_fpr_limit,0.0,0.0,0.0,0.0,0.0,0.0,0.0
iscx,mendeley,mlp,11,default,0.0012202292097797107,0.00625374391068223,0.005538145915798043,0.0028774258454776214,0.012236906510034284,0.0023214285714284744,0.004957738969302905
iscx,mendeley,mlp,11,validation_f1,0.0012202292097797107,0.00625374391068223,0.002384107660095003,0.001171300785616447,0.005547397617882144,0.0014285714285714457,0.002059413094655349
iscx,mendeley,mlp,11,validation_fpr_limit,0.0012202292097797107,0.00625374391068223,0.003757797986464584,0.0021854922468135807,0.007342143906020504,0.00035714285714283367,0.003492500524438835
iscx,mendeley,mlp,23,default,-0.00047387867045434184,0.004066440575251143,0.0033304702544680875,0.0013323289120139026,0.008647413933757564,0.004285714285714337,0.0021808498240216134
iscx,mendeley,mlp,23,validation_f1,-0.00047387867045434184,0.004066440575251143,0.000573401722138378,0.0005401048772640804,0.0004894762604013003,-0.001607142857142807,0.0010483095587720537
iscx,mendeley,mlp,23,validation_fpr_limit,-0.00047387867045434184,0.004066440575251143,0.009510333559652584,0.005488222559916767,0.01876325664871914,0.001071428571428612,0.008845914038645264
iscx,mendeley,mlp,37,default,-0.0006236243742689385,0.002875381674941127,0.011390635437019903,0.0058492220030682,0.02545276554087128,0.005178571428571366,0.010137097056149957
iscx,mendeley,mlp,37,validation_f1,-0.0006236243742689385,0.002875381674941127,-0.004109849463484583,-0.001429190605058528,-0.01158427149616581,-0.006785714285714284,-0.002399278605225763
iscx,mendeley,mlp,37,validation_fpr_limit,-0.0006236243742689385,0.002875381674941127,0.0038717868568083347,0.0022880517363356168,0.007505302659487789,0.0,0.0037526513297438946
iscx,mendeley,mlp,51,default,-0.00026465923515672785,-0.0006156912104048756,-0.0032129998561448714,-0.0017518044922468223,-0.006852667645619204,-0.0007142857142856673,-0.003069190965666768
iscx,mendeley,mlp,51,validation_f1,-0.00026465923515672785,-0.0006156912104048756,0.0033982603115866317,0.001861489974381958,0.007342143906020615,0.000535714285714306,0.0034032148101531545
iscx,mendeley,mlp,51,validation_fpr_limit,-0.00026465923515672785,-0.0006156912104048756,0.0009530365734916613,0.0005190878069120664,0.0019579050416055344,0.00035714285714283367,0.0008003810922313503
iscx,mendeley,mlp,71,default,-0.0005613946924187263,-0.0005187137263128611,0.008845083633238993,0.004822256070201536,0.01876325664871925,0.002142857142857113,0.008310199752931069
iscx,mendeley,mlp,71,validation_f1,-0.0005613946924187263,-0.0005187137263128611,0.0008814510430152911,0.000812520364729119,0.0008157937673356486,-0.0023214285714285854,0.001568611169382117
iscx,mendeley,mlp,71,validation_fpr_limit,-0.0005613946924187263,-0.0005187137263128611,0.005750283554921132,0.0033948433894590013,0.011094795235764399,0.00017857142857147235,0.005458111903596463
iscx,mendeley,random_forest,11,default,0.0,0.0,0.0,0.0,0.0,0.0,0.0
iscx,mendeley,random_forest,11,validation_f1,0.0,0.0,0.0,0.0,0.0,0.0,0.0
iscx,mendeley,random_forest,11,validation_fpr_limit,0.0,0.0,0.0,0.0,0.0,0.0,0.0
iscx,mendeley,random_forest,23,default,0.0,0.0,0.0,0.0,0.0,0.0,0.0
iscx,mendeley,random_forest,23,validation_f1,0.0,0.0,0.0,0.0,0.0,0.0,0.0
iscx,mendeley,random_forest,23,validation_fpr_limit,0.0,0.0,0.0,0.0,0.0,0.0,0.0
iscx,mendeley,random_forest,37,default,0.0,0.0,0.0,0.0,0.0,0.0,0.0
iscx,mendeley,random_forest,37,validation_f1,0.0,0.0,0.0,0.0,0.0,0.0,0.0
iscx,mendeley,random_forest,37,validation_fpr_limit,0.0,0.0,0.0,0.0,0.0,0.0,0.0
iscx,mendeley,random_forest,51,default,0.0,0.0,0.0,0.0,0.0,0.0,0.0
iscx,mendeley,random_forest,51,validation_f1,0.0,0.0,0.0,0.0,0.0,0.0,0.0
iscx,mendeley,random_forest,51,validation_fpr_limit,0.0,0.0,0.0,0.0,0.0,0.0,0.0
iscx,mendeley,random_forest,71,default,0.0,0.0,0.0,0.0,0.0,0.0,0.0
iscx,mendeley,random_forest,71,validation_f1,0.0,0.0,0.0,0.0,0.0,0.0,0.0
iscx,mendeley,random_forest,71,validation_fpr_limit,0.0,0.0,0.0,0.0,0.0,0.0,0.0
mendeley,iscx,always_malicious,11,default,0.0,0.0,0.0,0.0,0.0,0.0,0.0
mendeley,iscx,always_malicious,11,validation_f1,0.0,0.0,0.0,0.0,0.0,0.0,0.0
mendeley,iscx,always_malicious,11,validation_fpr_limit,0.0,0.0,0.0,0.0,0.0,0.0,0.0
mendeley,iscx,always_malicious,23,default,0.0,0.0,0.0,0.0,0.0,0.0,0.0
mendeley,iscx,always_malicious,23,validation_f1,0.0,0.0,0.0,0.0,0.0,0.0,0.0
mendeley,iscx,always_malicious,23,validation_fpr_limit,0.0,0.0,0.0,0.0,0.0,0.0,0.0
mendeley,iscx,always_malicious,37,default,0.0,0.0,0.0,0.0,0.0,0.0,0.0
mendeley,iscx,always_malicious,37,validation_f1,0.0,0.0,0.0,0.0,0.0,0.0,0.0
mendeley,iscx,always_malicious,37,validation_fpr_limit,0.0,0.0,0.0,0.0,0.0,0.0,0.0
mendeley,iscx,always_malicious,51,default,0.0,0.0,0.0,0.0,0.0,0.0,0.0
mendeley,iscx,always_malicious,51,validation_f1,0.0,0.0,0.0,0.0,0.0,0.0,0.0
mendeley,iscx,always_malicious,51,validation_fpr_limit,0.0,0.0,0.0,0.0,0.0,0.0,0.0
mendeley,iscx,always_malicious,71,default,0.0,0.0,0.0,0.0,0.0,0.0,0.0
mendeley,iscx,always_malicious,71,validation_f1,0.0,0.0,0.0,0.0,0.0,0.0,0.0
mendeley,iscx,always_malicious,71,validation_fpr_limit,0.0,0.0,0.0,0.0,0.0,0.0,0.0
mendeley,iscx,ddqn,11,default,0.08020832548515561,0.07822590758041253,0.0,0.0,0.0,0.0,0.0
mendeley,iscx,ddqn,11,validation_f1,0.08020832548515561,0.07822590758041253,0.0,0.0,0.0,0.0,0.0
mendeley,iscx,ddqn,11,validation_fpr_limit,0.08020832548515561,0.07822590758041253,0.02958921169639156,0.03174193146805265,0.02768622280817401,-0.023778920308483387,0.025732571558328643
mendeley,iscx,ddqn,23,default,0.007815425036403423,-0.0300916943026166,0.0,0.0,0.0,0.0,0.0
mendeley,iscx,ddqn,23,validation_f1,0.007815425036403423,-0.0300916943026166,0.0,0.0,0.0,0.0,0.0
mendeley,iscx,ddqn,23,validation_fpr_limit,0.007815425036403423,-0.0300916943026166,0.054062821245002834,0.03677183289716002,0.04614370468029,-0.0032133676092545027,0.024678536144772223
mendeley,iscx,ddqn,37,default,0.012863806631117858,0.006093536322704263,0.0,0.0,0.0,0.0,0.0
mendeley,iscx,ddqn,37,validation_f1,0.012863806631117858,0.006093536322704263,0.0,0.0,0.0,0.0,0.0
mendeley,iscx,ddqn,37,validation_fpr_limit,0.012863806631117858,0.006093536322704263,-0.00637239515242799,0.021893091186928837,-0.02636783124587999,-0.08611825192802053,0.02987521034107027
mendeley,iscx,ddqn,51,default,0.0447631907679471,0.02927913806338789,0.0,0.0,0.0,0.0,0.0
mendeley,iscx,ddqn,51,validation_f1,0.0447631907679471,0.02927913806338789,0.0,0.0,0.0,0.0,0.0
mendeley,iscx,ddqn,51,validation_fpr_limit,0.0447631907679471,0.02927913806338789,-0.001580317069023618,0.025971223727184467,-0.02109426499670397,-0.08740359897172234,0.03315466698750924
mendeley,iscx,ddqn,71,default,0.10004788708217871,0.12994672206848523,0.0002917842277949667,0.00016482603861589507,0.0006591957811470373,0.0,0.0003295978905735186
mendeley,iscx,ddqn,71,validation_f1,0.10004788708217871,0.12994672206848523,0.0,0.0,0.0,0.0,0.0
mendeley,iscx,ddqn,71,validation_fpr_limit,0.10004788708217871,0.12994672206848523,0.07045749106714502,0.15202936007443402,0.03230059327620302,-0.21658097686375316,0.12444078506997813
mendeley,iscx,dqn,11,default,0.09250046246740568,0.08447682901410408,0.0,0.0,0.0,0.0,0.0
mendeley,iscx,dqn,11,validation_f1,0.09250046246740568,0.08447682901410408,0.0,0.0,0.0,0.0,0.0
mendeley,iscx,dqn,11,validation_fpr_limit,0.09250046246740568,0.08447682901410408,0.06576345846860826,0.09990963206209619,0.04218852999340805,-0.13753213367609252,0.08986033183475028
mendeley,iscx,dqn,23,default,0.07992630817157875,0.08632732205526727,0.0,0.0,0.0,0.0,0.0
mendeley,iscx,dqn,23,validation_f1,0.07992630817157875,0.08632732205526727,0.0,0.0,0.0,0.0,0.0
mendeley,iscx,dqn,23,validation_fpr_limit,0.07992630817157875,0.08632732205526727,0.08543206573241019,0.09306619152323903,0.06591957811470006,-0.025064267352185088,0.0454919227334426
mendeley,iscx,dqn,37,default,0.04838557013313538,0.043670237734128925,0.0,0.0,0.0,0.0,0.0
mendeley,iscx,dqn,37,validation_f1,0.04838557013313538,0.043670237734128925,0.0,0.0,0.0,0.0,0.0
mendeley,iscx,dqn,37,validation_fpr_limit,0.04838557013313538,0.043670237734128925,0.0505131536366652,0.10132508441443044,0.017798286090969007,-0.1690231362467866,0.09341071116887778
mendeley,iscx,dqn,51,default,-0.03017024488865583,-0.054432583251004474,0.0,0.0,0.0,0.0,0.0
mendeley,iscx,dqn,51,validation_f1,-0.03017024488865583,-0.054432583251004474,0.0,0.0,0.0,0.0,0.0
mendeley,iscx,dqn,51,validation_fpr_limit,-0.03017024488865583,-0.054432583251004474,-0.03368309510371914,-0.10031004380878755,0.0032959789057350197,0.15938303341902316,-0.0780435272566441
mendeley,iscx,dqn,71,default,0.052997635912470975,0.05682470984370791,0.0,0.0,0.0,0.0,0.0
mendeley,iscx,dqn,71,validation_f1,0.052997635912470975,0.05682470984370791,0.0,0.0,0.0,0.0,0.0
mendeley,iscx,dqn,71,validation_fpr_limit,0.052997635912470975,0.05682470984370791,0.06478042062340011,0.055586836836836795,0.06987475280158204,0.003856041131105381,0.03300935583523834
mendeley,iscx,logistic,11,default,0.0,0.0,0.0,0.0,0.0,0.0,0.0
mendeley,iscx,logistic,11,validation_f1,0.0,0.0,0.0,0.0,0.0,0.0,0.0
mendeley,iscx,logistic,11,validation_fpr_limit,0.0,0.0,0.0,0.0,0.0,0.0,0.0
mendeley,iscx,logistic,23,default,0.0,0.0,0.0,0.0,0.0,0.0,0.0
mendeley,iscx,logistic,23,validation_f1,0.0,0.0,0.0,0.0,0.0,0.0,0.0
mendeley,iscx,logistic,23,validation_fpr_limit,0.0,0.0,0.0,0.0,0.0,0.0,0.0
mendeley,iscx,logistic,37,default,0.0,0.0,0.0,0.0,0.0,0.0,0.0
mendeley,iscx,logistic,37,validation_f1,0.0,0.0,0.0,0.0,0.0,0.0,0.0
mendeley,iscx,logistic,37,validation_fpr_limit,0.0,0.0,0.0,0.0,0.0,0.0,0.0
mendeley,iscx,logistic,51,default,0.0,0.0,0.0,0.0,0.0,0.0,0.0
mendeley,iscx,logistic,51,validation_f1,0.0,0.0,0.0,0.0,0.0,0.0,0.0
mendeley,iscx,logistic,51,validation_fpr_limit,0.0,0.0,0.0,0.0,0.0,0.0,0.0
mendeley,iscx,logistic,71,default,0.0,0.0,0.0,0.0,0.0,0.0,0.0
mendeley,iscx,logistic,71,validation_f1,0.0,0.0,0.0,0.0,0.0,0.0,0.0
mendeley,iscx,logistic,71,validation_fpr_limit,0.0,0.0,0.0,0.0,0.0,0.0,0.0
mendeley,iscx,mlp,11,default,0.030790958446588634,0.04712402539852534,-0.004977687068218439,-0.0028167130368706994,-0.011206328279498967,0.0,-0.005603164139749484
mendeley,iscx,mlp,11,validation_f1,0.030790958446588634,0.04712402539852534,0.0,0.0,0.0,0.0,0.0
mendeley,iscx,mlp,11,validation_fpr_limit,0.030790958446588634,0.04712402539852534,0.01061820652173917,0.12558209017361988,-0.03098220171390903,-0.13688946015424164,0.05295362922016622
mendeley,iscx,mlp,23,default,-0.020965868636449336,0.011821888350197263,-0.003509823909176313,-0.0019850202834160724,-0.007910349373764003,0.0,-0.0039551746868820015
mendeley,iscx,mlp,23,validation_f1,-0.020965868636449336,0.011821888350197263,-0.002045163593597077,-0.0011560401612512594,-0.004614370468029039,0.0,-0.0023071852340145194
mendeley,iscx,mlp,23,validation_fpr_limit,-0.020965868636449336,0.011821888350197263,-0.004561165834694236,-0.1750110521662246,0.049439683586025074,0.17287917737789205,-0.061719746895933514
mendeley,iscx,mlp,37,default,0.04733965217397318,0.05370729843267308,-0.0008757343501313297,-0.0004948002514280625,-0.0019775873434410007,0.0,-0.0009887936717205004
mendeley,iscx,mlp,37,validation_f1,0.04733965217397318,0.05370729843267308,0.0,0.0,0.0,0.0,0.0
mendeley,iscx,mlp,37,validation_fpr_limit,0.04733965217397318,0.05370729843267308,-0.02688899025144348,0.04245997874823626,-0.040870138431114034,-0.044344473007712076,0.0017371672882990907
mendeley,iscx,mlp,51,default,-0.0015447413087095185,0.003153633287183988,-0.002337839932519903,-0.001321619812405972,-0.005273566249175965,0.0,-0.0026367831245879825
mendeley,iscx,mlp,51,validation_f1,-0.0015447413087095185,0.003153633287183988,-0.0008757343501313297,-0.0004948002514280625,-0.0019775873434410007,0.0,-0.0009887936717205004
mendeley,iscx,mlp,51,validation_fpr_limit,-0.0015447413087095185,0.003153633287183988,-0.02791846539084719,-0.11815587684818474,0.001318391562294019,0.09832904884318766,-0.048505328640446765
mendeley,iscx,mlp,71,default,-0.02085510244199329,-0.023900083543321404,-0.00409658424364312,-0.0023173711241558093,-0.009228740936057966,0.0,-0.004614370468028983
mendeley,iscx,mlp,71,validation_f1,-0.02085510244199329,-0.023900083543321404,-0.0029235760291501656,-0.001653103462709915,-0.0065919578114700395,0.0,-0.0032959789057350197
mendeley,iscx,mlp,71,validation_fpr_limit,-0.02085510244199329,-0.023900083543321404,-0.05008045548495332,-0.19547251529725784,0.0039551746868820015,0.18701799485861184,-0.09153141008586496
mendeley,iscx,random_forest,11,default,0.0,0.0,0.0,0.0,0.0,0.0,0.0
mendeley,iscx,random_forest,11,validation_f1,0.0,0.0,0.0,0.0,0.0,0.0,0.0
mendeley,iscx,random_forest,11,validation_fpr_limit,0.0,0.0,0.0,0.0,0.0,0.0,0.0
mendeley,iscx,random_forest,23,default,0.0,0.0,0.0,0.0,0.0,0.0,0.0
mendeley,iscx,random_forest,23,validation_f1,0.0,0.0,0.0,0.0,0.0,0.0,0.0
mendeley,iscx,random_forest,23,validation_fpr_limit,0.0,0.0,0.0,0.0,0.0,0.0,0.0
mendeley,iscx,random_forest,37,default,0.0,0.0,0.0,0.0,0.0,0.0,0.0
mendeley,iscx,random_forest,37,validation_f1,0.0,0.0,0.0,0.0,0.0,0.0,0.0
mendeley,iscx,random_forest,37,validation_fpr_limit,0.0,0.0,0.0,0.0,0.0,0.0,0.0
mendeley,iscx,random_forest,51,default,0.0,0.0,0.0,0.0,0.0,0.0,0.0
mendeley,iscx,random_forest,51,validation_f1,0.0,0.0,0.0,0.0,0.0,0.0,0.0
mendeley,iscx,random_forest,51,validation_fpr_limit,0.0,0.0,0.0,0.0,0.0,0.0,0.0
mendeley,iscx,random_forest,71,default,0.0,0.0,0.0,0.0,0.0,0.0,0.0
mendeley,iscx,random_forest,71,validation_f1,0.0,0.0,0.0,0.0,0.0,0.0,0.0
mendeley,iscx,random_forest,71,validation_fpr_limit,0.0,0.0,0.0,0.0,0.0,0.0,0.0
mendeley,mendeley,always_malicious,11,default,0.0,0.0,0.0,0.0,0.0,0.0,0.0
mendeley,mendeley,always_malicious,11,validation_f1,0.0,0.0,0.0,0.0,0.0,0.0,0.0
mendeley,mendeley,always_malicious,11,validation_fpr_limit,0.0,0.0,0.0,0.0,0.0,0.0,0.0
mendeley,mendeley,always_malicious,23,default,0.0,0.0,0.0,0.0,0.0,0.0,0.0
mendeley,mendeley,always_malicious,23,validation_f1,0.0,0.0,0.0,0.0,0.0,0.0,0.0
mendeley,mendeley,always_malicious,23,validation_fpr_limit,0.0,0.0,0.0,0.0,0.0,0.0,0.0
mendeley,mendeley,always_malicious,37,default,0.0,0.0,0.0,0.0,0.0,0.0,0.0
mendeley,mendeley,always_malicious,37,validation_f1,0.0,0.0,0.0,0.0,0.0,0.0,0.0
mendeley,mendeley,always_malicious,37,validation_fpr_limit,0.0,0.0,0.0,0.0,0.0,0.0,0.0
mendeley,mendeley,always_malicious,51,default,0.0,0.0,0.0,0.0,0.0,0.0,0.0
mendeley,mendeley,always_malicious,51,validation_f1,0.0,0.0,0.0,0.0,0.0,0.0,0.0
mendeley,mendeley,always_malicious,51,validation_fpr_limit,0.0,0.0,0.0,0.0,0.0,0.0,0.0
mendeley,mendeley,always_malicious,71,default,0.0,0.0,0.0,0.0,0.0,0.0,0.0
mendeley,mendeley,always_malicious,71,validation_f1,0.0,0.0,0.0,0.0,0.0,0.0,0.0
mendeley,mendeley,always_malicious,71,validation_fpr_limit,0.0,0.0,0.0,0.0,0.0,0.0,0.0
mendeley,mendeley,ddqn,11,default,0.0020864314944133433,0.0013406550823952257,0.0027181994573888257,-0.010011806894100306,0.018926415402186314,0.020178571428571435,-0.000626078013192588
mendeley,mendeley,ddqn,11,validation_f1,0.0020864314944133433,0.0013406550823952257,0.0012202738741725616,0.003365293176284645,-0.0016315875346711861,-0.0057142857142856995,0.002041349089807243
mendeley,mendeley,ddqn,11,validation_fpr_limit,0.0020864314944133433,0.0013406550823952257,0.004904973670531387,0.0023837141390242733,0.003426333822809602,-0.0003571428571428562,0.0018917383399762455
mendeley,mendeley,ddqn,23,default,-0.00025500665286481983,-5.4512504953030394e-05,0.0006143363429509385,0.005767348408570849,-0.005710556371349318,-0.009999999999999981,0.0021447218143253455
mendeley,mendeley,ddqn,23,validation_f1,-0.00025500665286481983,-5.4512504953030394e-05,0.0015651065506391282,0.003469417079811965,-0.0009789525208028227,-0.0057142857142856995,0.00236766659674148
mendeley,mendeley,ddqn,23,validation_fpr_limit,-0.00025500665286481983,-5.4512504953030394e-05,0.028667316015260624,0.005164541017162572,0.0200685266764562,0.0,0.0100342633382281
mendeley,mendeley,ddqn,37,default,-0.002403529347363653,-0.0013137047525811907,0.0013967088689988971,-0.0014671744669554343,0.0050579213574808435,0.0035714285714285587,0.0007432463930261424
mendeley,mendeley,ddqn,37,validation_f1,-0.002403529347363653,-0.0013137047525811907,-0.0001736041581137382,-0.00042466732030199683,0.00016315875346717412,0.0007142857142857229,-0.0002755634804092466
mendeley,mendeley,ddqn,37,validation_fpr_limit,-0.002403529347363653,-0.0013137047525811907,-0.0005533228982836369,0.006883131434763379,-0.0006526350138685022,-0.0016071428571428573,0.0004772539216371108
mendeley,mendeley,ddqn,51,default,-0.0016150009155921907,0.0002399599095636029,-0.00015729359697003176,0.001075710728146606,-0.0016315875346711861,-0.001964285714285724,0.00016634908980739382
mendeley,mendeley,ddqn,51,validation_f1,-0.0016150009155921907,0.0002399599095636029,0.0008690061318635811,0.016334903641574416,-0.0205580029368575,-0.032321428571428557,0.005881712817285445
mendeley,mendeley,ddqn,51,validation_fpr_limit,-0.0016150009155921907,0.0002399599095636029,-0.0158427557484897,-0.006507407280101796,-0.011094795235764399,0.0008928571428571432,-0.005993826189310769
mendeley,mendeley,ddqn,71,default,0.0008376975081281213,0.0001230683169010094,-0.00037749872236825244,-0.000418330085531049,-0.0003263175069342372,0.0005357142857142783,-0.0004310158963242161
mendeley,mendeley,ddqn,71,validation_f1,0.0008376975081281213,0.0001230683169010094,-0.00019788526946806773,-0.0010873031326634752,0.0009789525208027117,0.001964285714285724,-0.00049266659674152
mendeley,mendeley,ddqn,71,validation_fpr_limit,0.0008376975081281213,0.0001230683169010094,0.0293200055340343,0.0011094939717001262,0.020721161690324674,0.0008928571428571414,0.009914152273733712
mendeley,mendeley,dqn,11,default,0.0003119639003029695,0.0005868762091232327,0.0018453347215153793,-0.012150106776274927,0.019742209169521963,0.023749999999999993,-0.002003895415239043
mendeley,mendeley,dqn,11,validation_f1,0.0003119639003029695,0.0005868762091232327,0.0012216097117326852,0.004105858203673041,-0.002610540055474009,-0.0071428571428571175,0.00226615854369161
mendeley,mendeley,dqn,11,validation_fpr_limit,0.0003119639003029695,0.0005868762091232327,0.022878808461725186,-0.00351732498614854,0.016968510360580835,0.0017857142857142846,0.00759139803743325
mendeley,mendeley,dqn,23,default,-0.001891655369135825,-6.983777358215981e-05,0.002104306421777502,-0.0009210278687308282,0.006036873878283555,0.0030357142857142805,0.0015005797962847067
mendeley,mendeley,dqn,23,validation_f1,-0.001891655369135825,-6.983777358215981e-05,0.0013265573797386354,0.002931535376388239,-0.0008157937673356486,-0.00482142857142856,0.002002817402046553
mendeley,mendeley,dqn,23,validation_fpr_limit,-0.001891655369135825,-6.983777358215981e-05,0.03817292124801969,0.009017347376048535,0.02659487681514114,-0.0005357142857142852,0.013565295550427736
mendeley,mendeley,dqn,37,default,-0.0016970542966993074,-0.0009571009020348242,0.0020319097166549005,-0.0006009381023771576,0.00538423886441497,0.0023214285714285854,0.0015314051464933032
mendeley,mendeley,dqn,37,validation_f1,-0.0016970542966993074,-0.0009571009020348242,0.0005002333269563675,0.0013633481458725782,-0.0006526350138684744,-0.0023214285714285576,0.0008343967787800555
mendeley,mendeley,dqn,37,validation_fpr_limit,-0.0016970542966993074,-0.0009571009020348242,0.011518095161759556,0.011025204549691248,0.007831620166421943,-0.0019642857142857153,0.004897952940353778
mendeley,mendeley,dqn,51,default,0.0007548831802404177,0.0012262837097639645,0.00023972752202516823,0.002979192270203823,-0.00310001631587542,-0.005178571428571421,0.0010392775563480283
mendeley,mendeley,dqn,51,validation_f1,0.0007548831802404177,0.0012262837097639645,6.623408199202263e-05,0.0008512383924902389,-0.0009789525208028227,-0.0016071428571428625,0.0003140951681700477
mendeley,mendeley,dqn,51,validation_fpr_limit,0.0007548831802404177,0.0012262837097639645,0.0014979090125806782,-0.00500113111204481,0.0013052700277370044,0.0012499999999999994,2.7635013868487768e-05
mendeley,mendeley,dqn,71,default,0.0014976789005551883,9.654045171658687e-05,-0.0019285662754905397,0.009344108386059369,-0.015663240332843942,-0.017678571428571432,0.0010076655478638008
mendeley,mendeley,dqn,71,validation_f1,0.0014976789005551883,9.654045171658687e-05,0.0011623418001586172,-0.003940995478646125,0.007831620166422026,0.008214285714285702,-0.00019133277393190706
mendeley,mendeley,dqn,71,validation_fpr_limit,0.0014976789005551883,9.654045171658687e-05,0.03525782470680244,0.0012561626257852065,0.025289606787404134,0.0010714285714285721,0.012109089107987803
mendeley,mendeley,logistic,11,default,0.0,0.0,0.0,0.0,0.0,0.0,0.0
mendeley,mendeley,logistic,11,validation_f1,0.0,0.0,0.0,0.0,0.0,0.0,0.0
mendeley,mendeley,logistic,11,validation_fpr_limit,0.0,0.0,0.0,0.0,0.0,0.0,0.0
mendeley,mendeley,logistic,23,default,0.0,0.0,0.0,0.0,0.0,0.0,0.0
mendeley,mendeley,logistic,23,validation_f1,0.0,0.0,0.0,0.0,0.0,0.0,0.0
mendeley,mendeley,logistic,23,validation_fpr_limit,0.0,0.0,0.0,0.0,0.0,0.0,0.0
mendeley,mendeley,logistic,37,default,0.0,0.0,0.0,0.0,0.0,0.0,0.0
mendeley,mendeley,logistic,37,validation_f1,0.0,0.0,0.0,0.0,0.0,0.0,0.0
mendeley,mendeley,logistic,37,validation_fpr_limit,0.0,0.0,0.0,0.0,0.0,0.0,0.0
mendeley,mendeley,logistic,51,default,0.0,0.0,0.0,0.0,0.0,0.0,0.0
mendeley,mendeley,logistic,51,validation_f1,0.0,0.0,0.0,0.0,0.0,0.0,0.0
mendeley,mendeley,logistic,51,validation_fpr_limit,0.0,0.0,0.0,0.0,0.0,0.0,0.0
mendeley,mendeley,logistic,71,default,0.0,0.0,0.0,0.0,0.0,0.0,0.0
mendeley,mendeley,logistic,71,validation_f1,0.0,0.0,0.0,0.0,0.0,0.0,0.0
mendeley,mendeley,logistic,71,validation_fpr_limit,0.0,0.0,0.0,0.0,0.0,0.0,0.0
mendeley,mendeley,mlp,11,default,0.009099335664111252,0.007256791483113201,0.004100046861783668,0.0053257432308142505,0.002610540055474009,-0.007142857142857145,0.004876698599165619
mendeley,mendeley,mlp,11,validation_f1,0.009099335664111252,0.007256791483113201,0.006528399558219711,-0.01028995170839142,0.029694893131016475,0.024821428571428578,0.0024367322797939073
mendeley,mendeley,mlp,11,validation_fpr_limit,0.009099335664111252,0.007256791483113201,0.021385476207341048,0.0003811210632908013,0.01680535160711369,0.0007142857142857142,0.008045532946413969
mendeley,mendeley,mlp,23,default,0.009921706214130355,0.007355342283756339,0.004750183904651206,0.010519830803325636,-0.0021210637950725975,-0.015714285714285736,0.006796610959606597
mendeley,mendeley,mlp,23,validation_f1,0.009921706214130355,0.007355342283756339,0.007474549831232746,0.016800175606586976,-0.004731603850546606,-0.027142857142857135,0.01120562664615532
mendeley,mendeley,mlp,23,validation_fpr_limit,0.009921706214130355,0.007355342283756339,0.015606905611515953,0.005490404910073909,0.011584271496165782,-0.0008928571428571432,0.006238564319511419
mendeley,mendeley,mlp,37,default,0.009181561660679849,0.007715660909493383,0.005969131628238977,0.013282657019744626,-0.0034263338228095463,-0.021071428571428574,0.00882254737430943
mendeley,mendeley,mlp,37,validation_f1,0.009181561660679849,0.007715660909493383,0.005754765287176555,0.011349631163876328,-0.001468428781204123,-0.017678571428571432,0.008105071323683655
mendeley,mendeley,mlp,37,validation_fpr_limit,0.009181561660679849,0.007715660909493383,-0.005647984799037553,0.0037165073420895034,-0.004568445097079432,-0.0012499999999999994,-0.0016592225485396739
mendeley,mendeley,mlp,51,default,0.012139179588438243,0.009621005524089288,0.008199423125381022,0.0112878561664288,0.004405286343612258,-0.015535714285714292,0.009970500314663289
mendeley,mendeley,mlp,51,validation_f1,0.012139179588438243,0.009621005524089288,0.007193826495265898,0.018143614826359844,-0.007015826399086378,-0.029642857142857165,0.011313515371885408
mendeley,mendeley,mlp,51,validation_fpr_limit,0.012139179588438243,0.009621005524089288,0.04016293836011953,0.0075402680878090544,0.03132648066568772,-0.0007142857142857142,0.016020383189986775
mendeley,mendeley,mlp,71,default,0.011718143097941613,0.008686018460247746,0.003961948547741789,0.012445795231794454,-0.006036873878283555,-0.019285714285714295,0.006624420203715342
mendeley,mendeley,mlp,71,validation_f1,0.011718143097941613,0.008686018460247746,0.006977971289912177,0.01732102037811223,-0.0065263501386848555,-0.028392857142857136,0.010933253502086182
mendeley,mendeley,mlp,71,validation_fpr_limit,0.011718143097941613,0.008686018460247746,0.03659645388269922,0.008528538308602118,0.027736988089410997,-0.0010714285714285704,0.014404208330419666
mendeley,mendeley,random_forest,11,default,0.0,0.0,0.0,0.0,0.0,0.0,0.0
mendeley,mendeley,random_forest,11,validation_f1,0.0,0.0,0.0,0.0,0.0,0.0,0.0
mendeley,mendeley,random_forest,11,validation_fpr_limit,0.0,0.0,0.0,0.0,0.0,0.0,0.0
mendeley,mendeley,random_forest,23,default,0.0,0.0,0.0,0.0,0.0,0.0,0.0
mendeley,mendeley,random_forest,23,validation_f1,0.0,0.0,0.0,0.0,0.0,0.0,0.0
mendeley,mendeley,random_forest,23,validation_fpr_limit,0.0,0.0,0.0,0.0,0.0,0.0,0.0
mendeley,mendeley,random_forest,37,default,0.0,0.0,0.0,0.0,0.0,0.0,0.0
mendeley,mendeley,random_forest,37,validation_f1,0.0,0.0,0.0,0.0,0.0,0.0,0.0
mendeley,mendeley,random_forest,37,validation_fpr_limit,0.0,0.0,0.0,0.0,0.0,0.0,0.0
mendeley,mendeley,random_forest,51,default,0.0,0.0,0.0,0.0,0.0,0.0,0.0
mendeley,mendeley,random_forest,51,validation_f1,0.0,0.0,0.0,0.0,0.0,0.0,0.0
mendeley,mendeley,random_forest,51,validation_fpr_limit,0.0,0.0,0.0,0.0,0.0,0.0,0.0
mendeley,mendeley,random_forest,71,default,0.0,0.0,0.0,0.0,0.0,0.0,0.0
mendeley,mendeley,random_forest,71,validation_f1,0.0,0.0,0.0,0.0,0.0,0.0,0.0
mendeley,mendeley,random_forest,71,validation_fpr_limit,0.0,0.0,0.0,0.0,0.0,0.0,0.0
