source,target,model,seed,operating_point,average_precision,roc_auc,f1,precision,recall,fpr,balanced_accuracy,predicted_malicious_fraction
iscx,iscx,always_malicious,11,default,0.0,0.0,0.0,0.0,0.0,0.0,0.0,0.0
iscx,iscx,always_malicious,11,validation_f1,0.0,0.0,0.0,0.0,0.0,0.0,0.0,0.0
iscx,iscx,always_malicious,11,validation_fpr_limit,0.0,0.0,0.0,0.0,0.0,0.0,0.0,0.0
iscx,iscx,always_malicious,23,default,0.0,0.0,0.0,0.0,0.0,0.0,0.0,0.0
iscx,iscx,always_malicious,23,validation_f1,0.0,0.0,0.0,0.0,0.0,0.0,0.0,0.0
iscx,iscx,always_malicious,23,validation_fpr_limit,0.0,0.0,0.0,0.0,0.0,0.0,0.0,0.0
iscx,iscx,always_malicious,37,default,0.0,0.0,0.0,0.0,0.0,0.0,0.0,0.0
iscx,iscx,always_malicious,37,validation_f1,0.0,0.0,0.0,0.0,0.0,0.0,0.0,0.0
iscx,iscx,always_malicious,37,validation_fpr_limit,0.0,0.0,0.0,0.0,0.0,0.0,0.0,0.0
iscx,iscx,always_malicious,51,default,0.0,0.0,0.0,0.0,0.0,0.0,0.0,0.0
iscx,iscx,always_malicious,51,validation_f1,0.0,0.0,0.0,0.0,0.0,0.0,0.0,0.0
iscx,iscx,always_malicious,51,validation_fpr_limit,0.0,0.0,0.0,0.0,0.0,0.0,0.0,0.0
iscx,iscx,always_malicious,71,default,0.0,0.0,0.0,0.0,0.0,0.0,0.0,0.0
iscx,iscx,always_malicious,71,validation_f1,0.0,0.0,0.0,0.0,0.0,0.0,0.0,0.0
iscx,iscx,always_malicious,71,validation_fpr_limit,0.0,0.0,0.0,0.0,0.0,0.0,0.0,0.0
iscx,iscx,ddqn,11,default,0.0036970982034819633,0.0022745643630964762,0.0009576134272148984,0.0046241790663696936,-0.002636783124588038,-0.005141388174807207,0.0012523025251095499,-0.0039049788480312597
iscx,iscx,ddqn,11,validation_f1,0.0036970982034819633,0.0022745643630964762,-0.00029416071415167,-0.003889096779246537,0.003295978905734964,0.004498714652956301,-0.0006013678736106476,0.0039049788480312597
iscx,iscx,ddqn,11,validation_fpr_limit,0.0036970982034819633,0.0022745643630964762,0.04368908648035774,0.001438381077297879,0.05735003295978902,0.0,0.028675016479894455,0.028311096648226508
iscx,iscx,ddqn,23,default,0.0031289995967641593,0.0018043154446690801,0.0013204071329624423,0.004792006338715016,-0.0019775873434410007,-0.005141388174807193,0.0015819004156830685,-0.003579563944028641
iscx,iscx,ddqn,23,validation_f1,0.0031289995967641593,0.0018043154446690801,-0.02321969245848199,-0.06365240944462325,0.02109426499670397,0.07712082262210798,-0.02801327881270188,0.049463065408395734
iscx,iscx,ddqn,23,validation_fpr_limit,0.0031289995967641593,0.0018043154446690801,0.031326918773774914,-0.00016490467426510946,0.04021094264996694,0.0006426735218508992,0.01978413456405792,0.020175724048161425
iscx,iscx,ddqn,37,default,0.000634968274249692,0.0005265940591039353,0.001079502653010378,0.0035190097259062414,-0.0013183915622940745,-0.003856041131105395,0.0012688247844055978,-0.00260331923202084
iscx,iscx,ddqn,37,validation_f1,0.000634968274249692,0.0005265940591039353,0.001080656253069967,0.0035245793147654636,-0.0013183915622940745,-0.003856041131105395,0.0012688247844055978,-0.00260331923202084
iscx,iscx,ddqn,37,validation_fpr_limit,0.000634968274249692,0.0005265940591039353,0.01874815084149095,-0.000500090222462779,0.02570863546473301,0.0006426735218508992,0.012532980971440955,0.013016596160104144
iscx,iscx,ddqn,51,default,0.003858882126459684,0.0028325083500957415,0.00019863842587830582,0.01119094482938876,-0.010547132498352041,-0.012853470437017997,0.0011531689693329294,-0.011714936544093724
iscx,iscx,ddqn,51,validation_f1,0.003858882126459684,0.0028325083500957415,-0.007306334755596944,-0.026273986608645772,0.012524719841793042,0.030848329048843187,-0.009161804603525114,0.02180279856817441
iscx,iscx,ddqn,51,validation_fpr_limit,0.003858882126459684,0.0028325083500957415,0.05501297776221403,-0.002835035719403134,0.07317073170731714,0.0025706940874035984,0.03530001880995681,0.03742271396029939
iscx,iscx,ddqn,71,default,0.0027637283761939857,0.001963606970190268,0.010476082337708359,-0.011040908511347092,0.029004614370468085,0.012853470437018004,0.008075571966725037,0.020826553856166607
iscx,iscx,ddqn,71,validation_f1,0.0027637283761939857,0.001963606970190268,0.0009542054691074053,0.004597883597883601,-0.002636783124587927,-0.005141388174807193,0.0012523025251096609,-0.0039049788480312597
iscx,iscx,ddqn,71,validation_fpr_limit,0.0027637283761939857,0.001963606970190268,0.01776588982966376,-0.00044772686196870026,0.024390243902438935,0.0006426735218508992,0.01187378519029414,0.012365766352098906
iscx,iscx,dqn,11,default,0.003944444756296295,0.0023482790584173907,0.00017465857481013813,0.005046968282262365,-0.004614370468029039,-0.005784061696658099,0.0005848456143144887,-0.00520663846404168
iscx,iscx,dqn,11,validation_f1,0.003944444756296295,0.0023482790584173907,0.00042793546158892415,-0.003769645552236578,0.004614370468028928,0.004498714652956301,5.7827907536278644e-05,0.004555808656036442
iscx,iscx,dqn,11,validation_fpr_limit,0.003944444756296295,0.0023482790584173907,0.052067113504895235,0.0017333880837142601,0.06789716545814106,0.0,0.03394858272907053,0.03351773511226813
iscx,iscx,dqn,23,default,0.003770965069386678,0.0021534011282585697,0.00038760548406391315,0.009698186790031538,-0.00856954515491093,-0.010925449871465293,0.0011779523582771123,-0.009762447120078066
iscx,iscx,dqn,23,validation_f1,0.003770965069386678,0.0021534011282585697,-0.021725470912046352,-0.06066297486736627,0.02109426499670397,0.07390745501285348,-0.02640659500807474,0.047835990888382696
iscx,iscx,dqn,23,validation_fpr_limit,0.003770965069386678,0.0021534011282585697,0.05380748463973195,0.0016719983153923312,0.06723796967699402,0.0,0.0336189848384969,0.03319232020826551
iscx,iscx,dqn,37,default,0.0007760517432849889,0.000518121105618885,0.0004844174291674941,-0.0010479375696766935,0.0019775873434410007,0.0012853470437018122,0.0003461201498695665,0.0016270745200129832
iscx,iscx,dqn,37,validation_f1,0.0007760517432849889,0.000518121105618885,0.0011356073465967897,0.006290913379368046,-0.0039551746868820015,-0.007069408740359898,0.0015571170267388856,-0.0055320533680442985
iscx,iscx,dqn,37,validation_fpr_limit,0.0007760517432849889,0.000518121105618885,0.01874815084149095,-0.000500090222462779,0.02570863546473301,0.0006426735218508992,0.012532980971440955,0.013016596160104144
iscx,iscx,dqn,51,default,0.0024083522047451122,0.0018860794458009922,-0.0006354153254605199,0.008860679330641386,-0.009887936717205004,-0.0102827763496144,0.0001974198162046914,-0.01008786202408074
iscx,iscx,dqn,51,validation_f1,0.0024083522047451122,0.0018860794458009922,-0.009113288156782806,-0.023352074327853578,0.005932762030323002,0.026992287917737792,-0.010529762943707333,0.01659616010413273
iscx,iscx,dqn,51,validation_fpr_limit,0.0024083522047451122,0.0018860794458009922,0.036204319466021095,-0.0032351957834287903,0.04943968358602513,0.0025706940874035984,0.023434494749310808,0.025707777416205668
iscx,iscx,dqn,71,default,0.002865171142469203,0.002133489687568324,0.011474634520594051,-0.009635906366426306,0.029663810151615122,0.011568123393316199,0.009047843379149434,0.020501138952164044
iscx,iscx,dqn,71,validation_f1,0.002865171142469203,0.002133489687568324,0.0009542054691074053,0.004597883597883601,-0.002636783124587927,-0.005141388174807193,0.0012523025251096609,-0.0039049788480312597
iscx,iscx,dqn,71,validation_fpr_limit,0.002865171142469203,0.002133489687568324,0.02013066385938911,-0.002410536779324124,0.028345418589320936,0.0019280205655526992,0.01320869901188415,0.014969085584119746
iscx,iscx,logistic,11,default,0.0,0.0,0.0,0.0,0.0,0.0,0.0,0.0
iscx,iscx,logistic,11,validation_f1,0.0,0.0,0.0,0.0,0.0,0.0,0.0,0.0
iscx,iscx,logistic,11,validation_fpr_limit,0.0,0.0,0.0,0.0,0.0,0.0,0.0,0.0
iscx,iscx,logistic,23,default,0.0,0.0,0.0,0.0,0.0,0.0,0.0,0.0
iscx,iscx,logistic,23,validation_f1,0.0,0.0,0.0,0.0,0.0,0.0,0.0,0.0
iscx,iscx,logistic,23,validation_fpr_limit,0.0,0.0,0.0,0.0,0.0,0.0,0.0,0.0
iscx,iscx,logistic,37,default,0.0,0.0,0.0,0.0,0.0,0.0,0.0,0.0
iscx,iscx,logistic,37,validation_f1,0.0,0.0,0.0,0.0,0.0,0.0,0.0,0.0
iscx,iscx,logistic,37,validation_fpr_limit,0.0,0.0,0.0,0.0,0.0,0.0,0.0,0.0
iscx,iscx,logistic,51,default,0.0,0.0,0.0,0.0,0.0,0.0,0.0,0.0
iscx,iscx,logistic,51,validation_f1,0.0,0.0,0.0,0.0,0.0,0.0,0.0,0.0
iscx,iscx,logistic,51,validation_fpr_limit,0.0,0.0,0.0,0.0,0.0,0.0,0.0,0.0
iscx,iscx,logistic,71,default,0.0,0.0,0.0,0.0,0.0,0.0,0.0,0.0
iscx,iscx,logistic,71,validation_f1,0.0,0.0,0.0,0.0,0.0,0.0,0.0,0.0
iscx,iscx,logistic,71,validation_fpr_limit,0.0,0.0,0.0,0.0,0.0,0.0,0.0,0.0
iscx,iscx,mlp,11,default,0.0,0.0,0.0,0.0,0.0,0.0,0.0,0.0
iscx,iscx,mlp,11,validation_f1,0.0,0.0,0.0,0.0,0.0,0.0,0.0,0.0
iscx,iscx,mlp,11,validation_fpr_limit,0.0,0.0,0.0,0.0,0.0,0.0,0.0,0.0
iscx,iscx,mlp,23,default,0.0,0.0,0.0,0.0,0.0,0.0,0.0,0.0
iscx,iscx,mlp,23,validation_f1,0.0,0.0,0.0,0.0,0.0,0.0,0.0,0.0
iscx,iscx,mlp,23,validation_fpr_limit,0.0,0.0,0.0,0.0,0.0,0.0,0.0,0.0
iscx,iscx,mlp,37,default,0.0,0.0,0.0,0.0,0.0,0.0,0.0,0.0
iscx,iscx,mlp,37,validation_f1,0.0,0.0,0.0,0.0,0.0,0.0,0.0,0.0
iscx,iscx,mlp,37,validation_fpr_limit,0.0,0.0,0.0,0.0,0.0,0.0,0.0,0.0
iscx,iscx,mlp,51,default,0.0,0.0,0.0,0.0,0.0,0.0,0.0,0.0
iscx,iscx,mlp,51,validation_f1,0.0,0.0,0.0,0.0,0.0,0.0,0.0,0.0
iscx,iscx,mlp,51,validation_fpr_limit,0.0,0.0,0.0,0.0,0.0,0.0,0.0,0.0
iscx,iscx,mlp,71,default,0.0,0.0,0.0,0.0,0.0,0.0,0.0,0.0
iscx,iscx,mlp,71,validation_f1,0.0,0.0,0.0,0.0,0.0,0.0,0.0,0.0
iscx,iscx,mlp,71,validation_fpr_limit,0.0,0.0,0.0,0.0,0.0,0.0,0.0,0.0
iscx,iscx,random_forest,11,default,0.0,0.0,0.0,0.0,0.0,0.0,0.0,0.0
iscx,iscx,random_forest,11,validation_f1,0.0,0.0,0.0,0.0,0.0,0.0,0.0,0.0
iscx,iscx,random_forest,11,validation_fpr_limit,0.0,0.0,0.0,0.0,0.0,0.0,0.0,0.0
iscx,iscx,random_forest,23,default,0.0,0.0,0.0,0.0,0.0,0.0,0.0,0.0
iscx,iscx,random_forest,23,validation_f1,0.0,0.0,0.0,0.0,0.0,0.0,0.0,0.0
iscx,iscx,random_forest,23,validation_fpr_limit,0.0,0.0,0.0,0.0,0.0,0.0,0.0,0.0
iscx,iscx,random_forest,37,default,0.0,0.0,0.0,0.0,0.0,0.0,0.0,0.0
iscx,iscx,random_forest,37,validation_f1,0.0,0.0,0.0,0.0,0.0,0.0,0.0,0.0
iscx,iscx,random_forest,37,validation_fpr_limit,0.0,0.0,0.0,0.0,0.0,0.0,0.0,0.0
iscx,iscx,random_forest,51,default,0.0,0.0,0.0,0.0,0.0,0.0,0.0,0.0
iscx,iscx,random_forest,51,validation_f1,0.0,0.0,0.0,0.0,0.0,0.0,0.0,0.0
iscx,iscx,random_forest,51,validation_fpr_limit,0.0,0.0,0.0,0.0,0.0,0.0,0.0,0.0
iscx,iscx,random_forest,71,default,0.0,0.0,0.0,0.0,0.0,0.0,0.0,0.0
iscx,iscx,random_forest,71,validation_f1,0.0,0.0,0.0,0.0,0.0,0.0,0.0,0.0
iscx,iscx,random_forest,71,validation_fpr_limit,0.0,0.0,0.0,0.0,0.0,0.0,0.0,0.0
iscx,mendeley,always_malicious,11,default,0.0,0.0,0.0,0.0,0.0,0.0,0.0,0.0
iscx,mendeley,always_malicious,11,validation_f1,0.0,0.0,0.0,0.0,0.0,0.0,0.0,0.0
iscx,mendeley,always_malicious,11,validation_fpr_limit,0.0,0.0,0.0,0.0,0.0,0.0,0.0,0.0
iscx,mendeley,always_malicious,23,default,0.0,0.0,0.0,0.0,0.0,0.0,0.0,0.0
iscx,mendeley,always_malicious,23,validation_f1,0.0,0.0,0.0,0.0,0.0,0.0,0.0,0.0
iscx,mendeley,always_malicious,23,validation_fpr_limit,0.0,0.0,0.0,0.0,0.0,0.0,0.0,0.0
iscx,mendeley,always_malicious,37,default,0.0,0.0,0.0,0.0,0.0,0.0,0.0,0.0
iscx,mendeley,always_malicious,37,validation_f1,0.0,0.0,0.0,0.0,0.0,0.0,0.0,0.0
iscx,mendeley,always_malicious,37,validation_fpr_limit,0.0,0.0,0.0,0.0,0.0,0.0,0.0,0.0
iscx,mendeley,always_malicious,51,default,0.0,0.0,0.0,0.0,0.0,0.0,0.0,0.0
iscx,mendeley,always_malicious,51,validation_f1,0.0,0.0,0.0,0.0,0.0,0.0,0.0,0.0
iscx,mendeley,always_malicious,51,validation_fpr_limit,0.0,0.0,0.0,0.0,0.0,0.0,0.0,0.0
iscx,mendeley,always_malicious,71,default,0.0,0.0,0.0,0.0,0.0,0.0,0.0,0.0
iscx,mendeley,always_malicious,71,validation_f1,0.0,0.0,0.0,0.0,0.0,0.0,0.0,0.0
iscx,mendeley,always_malicious,71,validation_fpr_limit,0.0,0.0,0.0,0.0,0.0,0.0,0.0,0.0
iscx,mendeley,ddqn,11,default,-0.0067694416796993395,-0.0362163193716057,0.0023144511982935434,0.0013683971446966092,0.004568445097079543,-0.00017857142857136132,0.0023735082628254522,0.0023019865291158403
iscx,mendeley,ddqn,11,validation_f1,-0.0067694416796993395,-0.0362163193716057,0.006273840094053074,0.0033461049961147626,0.013542176537771233,0.002142857142857113,0.00569965969745706,0.00809958223207441
iscx,mendeley,ddqn,11,validation_fpr_limit,-0.0067694416796993395,-0.0362163193716057,0.016528079260147432,0.010019778971679605,0.030021210637950713,0.0017857142857142794,0.014117748176118217,0.01654019950549923
iscx,mendeley,ddqn,23,default,-0.22574888497682633,-0.35725103722350426,0.0017077546231002438,0.0010422594297850307,0.0032631750693424832,-0.00035714285714283367,0.0018101589632426585,0.0015346576860771899
iscx,mendeley,ddqn,23,validation_f1,-0.22574888497682633,-0.35725103722350426,0.018616945713845756,0.010275789343511699,0.03932125958557675,0.0033928571428571974,0.017964201221359777,0.022167277687782483
iscx,mendeley,ddqn,23,validation_fpr_limit,-0.22574888497682633,-0.35725103722350426,0.00988709509602792,0.006053226017946778,0.017784304127916428,0.0007142857142857784,0.008535009206815325,0.0096342399181516
iscx,mendeley,ddqn,37,default,-0.0012400521441006673,-0.0038703004451903222,0.0018225559829677662,0.0010310117367243188,0.0037526513297438946,0.00017857142857147235,0.0017870399505862111,0.00204621024810292
iscx,mendeley,ddqn,37,validation_f1,-0.0012400521441006673,-0.0038703004451903222,0.0018225559829677662,0.0010310117367243188,0.0037526513297438946,0.00017857142857147235,0.0017870399505862111,0.00204621024810292
iscx,mendeley,ddqn,37,validation_fpr_limit,-0.0012400521441006673,-0.0038703004451903222,0.0011768718507694231,0.0006000528964222318,0.0024473813020068347,0.0008928571428571397,0.0007772620795748475,0.0017051752067525072
iscx,mendeley,ddqn,51,default,-0.1747486964235908,-0.2839392932895135,-0.0040676300720106084,-0.0019316013036382307,-0.009463207701093101,-0.003214285714285725,-0.003124460993403688,-0.006479665785659394
iscx,mendeley,ddqn,51,validation_f1,-0.1747486964235908,-0.2839392932895135,0.01131835584440044,0.006254018648228998,0.023821178006200094,0.002142857142857113,0.01083916043167149,0.01347088413334463
iscx,mendeley,ddqn,51,validation_fpr_limit,-0.1747486964235908,-0.2839392932895135,0.02055319961612445,0.012442293711334096,0.03736335454397122,0.0023214285714285854,0.017520962986271316,0.020632620001705182
iscx,mendeley,ddqn,71,default,-0.018059265721552142,-0.057759611798708727,0.007209042552694722,0.003890552655448243,0.01517376407244242,0.0025000000000000577,0.006336882036221181,0.00912268735612587
iscx,mendeley,ddqn,71,validation_f1,-0.018059265721552142,-0.057759611798708727,0.0014870706131957512,0.0007192632816544475,0.0034263338228095463,0.001071428571428501,0.0011774526256905227,0.0023019865291159514
iscx,mendeley,ddqn,71,validation_fpr_limit,-0.018059265721552142,-0.057759611798708727,0.007448093824199087,0.0045310613858076665,0.013542176537771233,0.000535714285714306,0.006503231126028464,0.007332253389035648
iscx,mendeley,dqn,11,default,-0.0067712361871751225,-0.03661984593151994,0.0018629162734926652,0.001130118710669481,0.0035894925762767205,-0.00035714285714283367,0.001973317716709777,0.0017051752067525072
iscx,mendeley,dqn,11,validation_f1,-0.0067712361871751225,-0.03661984593151994,0.0066437602541278284,0.003536894426068804,0.01435797030510677,0.0023214285714285854,0.006018270866839093,0.00861113479410014
iscx,mendeley,dqn,11,validation_fpr_limit,-0.0067712361871751225,-0.03661984593151994,0.020809441634296877,0.01270343453673145,0.03752651329743839,0.0017857142857142794,0.017870399505862056,0.020462102481029976
iscx,mendeley,dqn,23,default,-0.27030972176277235,-0.4322933128219473,0.000296728864211504,0.0003663879753942334,0.0,-0.0014285714285714457,0.0007142857142857229,-0.0006820700827010473
iscx,mendeley,dqn,23,validation_f1,-0.27030972176277235,-0.4322933128219473,0.019105295022437963,0.010559582081910546,0.04030021210637946,0.0033928571428571974,0.018453677481761133,0.022678830249808213
iscx,mendeley,dqn,23,validation_fpr_limit,-0.27030972176277235,-0.4322933128219473,0.00914882248064064,0.004327464245244328,0.01957905041605479,0.009821428571428648,0.0048788109223130705,0.014920283059084327
iscx,mendeley,dqn,37,default,-0.00260416286164894,-0.009512199030370844,0.0030146016323618907,0.0016011073134425402,0.0065263501386849665,0.001071428571428612,0.0027274607836281772,0.003921902975530633
iscx,mendeley,dqn,37,validation_f1,-0.00260416286164894,-0.009512199030370844,0.001293209601375911,0.0007485434106537792,0.002610540055474009,0.0,0.0013052700277370044,0.0013641401654019836
iscx,mendeley,dqn,37,validation_fpr_limit,-0.00260416286164894,-0.009512199030370844,-0.0011854973577036798,-0.0008018997479620205,-0.0019579050416054233,0.000535714285714306,-0.0012468096636598647,-0.0007673288430386505
iscx,mendeley,dqn,51,default,-0.07285478555035574,-0.139343737617416,-0.003446518203890969,-0.0016431167944886416,-0.00799477891988909,-0.002678571428571419,-0.0026581037456588352,-0.005456560661607934
iscx,mendeley,dqn,51,validation_f1,-0.07285478555035574,-0.139343737617416,0.009880021070422962,0.005539707076844813,0.02055800293685761,0.0012499999999999734,0.009654001468428819,0.011339415124903995
iscx,mendeley,dqn,51,validation_fpr_limit,-0.07285478555035574,-0.139343737617416,0.01616779874664709,0.009748972451509907,0.0295317343775493,0.0019642857142856407,0.01378372433163183,0.016369681984823914
iscx,mendeley,dqn,71,default,-0.014497961168528695,-0.0510804751415985,0.007209042552694722,0.003890552655448243,0.01517376407244242,0.0025000000000000577,0.006336882036221181,0.00912268735612587
iscx,mendeley,dqn,71,validation_f1,-0.014497961168528695,-0.0510804751415985,0.0019763522602962436,0.0010038533344751688,0.004405286343612369,0.001071428571428501,0.001666928886091934,0.0028135390911416813
iscx,mendeley,dqn,71,validation_fpr_limit,-0.014497961168528695,-0.0510804751415985,0.01034669694054624,0.006306680167566969,0.01876325664871925,0.0007142857142856673,0.009024485467216792,0.01014579248017733
iscx,mendeley,logistic,11,default,0.0,0.0,0.0,0.0,0.0,0.0,0.0,0.0
iscx,mendeley,logistic,11,validation_f1,0.0,0.0,0.0,0.0,0.0,0.0,0.0,0.0
iscx,mendeley,logistic,11,validation_fpr_limit,0.0,0.0,0.0,0.0,0.0,0.0,0.0,0.0
iscx,mendeley,logistic,23,default,0.0,0.0,0.0,0.0,0.0,0.0,0.0,0.0
iscx,mendeley,logistic,23,validation_f1,0.0,0.0,0.0,0.0,0.0,0.0,0.0,0.0
iscx,mendeley,logistic,23,validation_fpr_limit,0.0,0.0,0.0,0.0,0.0,0.0,0.0,0.0
iscx,mendeley,logistic,37,default,0.0,0.0,0.0,0.0,0.0,0.0,0.0,0.0
iscx,mendeley,logistic,37,validation_f1,0.0,0.0,0.0,0.0,0.0,0.0,0.0,0.0
iscx,mendeley,logistic,37,validation_fpr_limit,0.0,0.0,0.0,0.0,0.0,0.0,0.0,0.0
iscx,mendeley,logistic,51,default,0.0,0.0,0.0,0.0,0.0,0.0,0.0,0.0
iscx,mendeley,logistic,51,validation_f1,0.0,0.0,0.0,0.0,0.0,0.0,0.0,0.0
iscx,mendeley,logistic,51,validation_fpr_limit,0.0,0.0,0.0,0.0,0.0,0.0,0.0,0.0
iscx,mendeley,logistic,71,default,0.0,0.0,0.0,0.0,0.0,0.0,0.0,0.0
iscx,mendeley,logistic,71,validation_f1,0.0,0.0,0.0,0.0,0.0,0.0,0.0,0.0
iscx,mendeley,logistic,71,validation_fpr_limit,0.0,0.0,0.0,0.0,0.0,0.0,0.0,0.0
iscx,mendeley,mlp,11,default,0.0,0.0,0.0,0.0,0.0,0.0,0.0,0.0
iscx,mendeley,mlp,11,validation_f1,0.0,0.0,0.0,0.0,0.0,0.0,0.0,0.0
iscx,mendeley,mlp,11,validation_fpr_limit,0.0,0.0,0.0,0.0,0.0,0.0,0.0,0.0
iscx,mendeley,mlp,23,default,0.0,0.0,0.0,0.0,0.0,0.0,0.0,0.0
iscx,mendeley,mlp,23,validation_f1,0.0,0.0,0.0,0.0,0.0,0.0,0.0,0.0
iscx,mendeley,mlp,23,validation_fpr_limit,0.0,0.0,0.0,0.0,0.0,0.0,0.0,0.0
iscx,mendeley,mlp,37,default,0.0,0.0,0.0,0.0,0.0,0.0,0.0,0.0
iscx,mendeley,mlp,37,validation_f1,0.0,0.0,0.0,0.0,0.0,0.0,0.0,0.0
iscx,mendeley,mlp,37,validation_fpr_limit,0.0,0.0,0.0,0.0,0.0,0.0,0.0,0.0
iscx,mendeley,mlp,51,default,0.0,0.0,0.0,0.0,0.0,0.0,0.0,0.0
iscx,mendeley,mlp,51,validation_f1,0.0,0.0,0.0,0.0,0.0,0.0,0.0,0.0
iscx,mendeley,mlp,51,validation_fpr_limit,0.0,0.0,0.0,0.0,0.0,0.0,0.0,0.0
iscx,mendeley,mlp,71,default,0.0,0.0,0.0,0.0,0.0,0.0,0.0,0.0
iscx,mendeley,mlp,71,validation_f1,0.0,0.0,0.0,0.0,0.0,0.0,0.0,0.0
iscx,mendeley,mlp,71,validation_fpr_limit,0.0,0.0,0.0,0.0,0.0,0.0,0.0,0.0
iscx,mendeley,random_forest,11,default,0.0,0.0,0.0,0.0,0.0,0.0,0.0,0.0
iscx,mendeley,random_forest,11,validation_f1,0.0,0.0,0.0,0.0,0.0,0.0,0.0,0.0
iscx,mendeley,random_forest,11,validation_fpr_limit,0.0,0.0,0.0,0.0,0.0,0.0,0.0,0.0
iscx,mendeley,random_forest,23,default,0.0,0.0,0.0,0.0,0.0,0.0,0.0,0.0
iscx,mendeley,random_forest,23,validation_f1,0.0,0.0,0.0,0.0,0.0,0.0,0.0,0.0
iscx,mendeley,random_forest,23,validation_fpr_limit,0.0,0.0,0.0,0.0,0.0,0.0,0.0,0.0
iscx,mendeley,random_forest,37,default,0.0,0.0,0.0,0.0,0.0,0.0,0.0,0.0
iscx,mendeley,random_forest,37,validation_f1,0.0,0.0,0.0,0.0,0.0,0.0,0.0,0.0
iscx,mendeley,random_forest,37,validation_fpr_limit,0.0,0.0,0.0,0.0,0.0,0.0,0.0,0.0
iscx,mendeley,random_forest,51,default,0.0,0.0,0.0,0.0,0.0,0.0,0.0,0.0
iscx,mendeley,random_forest,51,validation_f1,0.0,0.0,0.0,0.0,0.0,0.0,0.0,0.0
iscx,mendeley,random_forest,51,validation_fpr_limit,0.0,0.0,0.0,0.0,0.0,0.0,0.0,0.0
iscx,mendeley,random_forest,71,default,0.0,0.0,0.0,0.0,0.0,0.0,0.0,0.0
iscx,mendeley,random_forest,71,validation_f1,0.0,0.0,0.0,0.0,0.0,0.0,0.0,0.0
iscx,mendeley,random_forest,71,validation_fpr_limit,0.0,0.0,0.0,0.0,0.0,0.0,0.0,0.0
mendeley,iscx,always_malicious,11,default,0.0,0.0,0.0,0.0,0.0,0.0,0.0,0.0
mendeley,iscx,always_malicious,11,validation_f1,0.0,0.0,0.0,0.0,0.0,0.0,0.0,0.0
mendeley,iscx,always_malicious,11,validation_fpr_limit,0.0,0.0,0.0,0.0,0.0,0.0,0.0,0.0
mendeley,iscx,always_malicious,23,default,0.0,0.0,0.0,0.0,0.0,0.0,0.0,0.0
mendeley,iscx,always_malicious,23,validation_f1,0.0,0.0,0.0,0.0,0.0,0.0,0.0,0.0
mendeley,iscx,always_malicious,23,validation_fpr_limit,0.0,0.0,0.0,0.0,0.0,0.0,0.0,0.0
mendeley,iscx,always_malicious,37,default,0.0,0.0,0.0,0.0,0.0,0.0,0.0,0.0
mendeley,iscx,always_malicious,37,validation_f1,0.0,0.0,0.0,0.0,0.0,0.0,0.0,0.0
mendeley,iscx,always_malicious,37,validation_fpr_limit,0.0,0.0,0.0,0.0,0.0,0.0,0.0,0.0
mendeley,iscx,always_malicious,51,default,0.0,0.0,0.0,0.0,0.0,0.0,0.0,0.0
mendeley,iscx,always_malicious,51,validation_f1,0.0,0.0,0.0,0.0,0.0,0.0,0.0,0.0
mendeley,iscx,always_malicious,51,validation_fpr_limit,0.0,0.0,0.0,0.0,0.0,0.0,0.0,0.0
mendeley,iscx,always_malicious,71,default,0.0,0.0,0.0,0.0,0.0,0.0,0.0,0.0
mendeley,iscx,always_malicious,71,validation_f1,0.0,0.0,0.0,0.0,0.0,0.0,0.0,0.0
mendeley,iscx,always_malicious,71,validation_fpr_limit,0.0,0.0,0.0,0.0,0.0,0.0,0.0,0.0
mendeley,iscx,ddqn,11,default,0.04863241083364572,0.050361964572886886,-0.0002917842277949667,-0.00016482603861589507,-0.0006591957811470373,0.0,-0.0003295978905735186,-0.00032541490400261885
mendeley,iscx,ddqn,11,validation_f1,0.04863241083364572,0.050361964572886886,0.0,0.0,0.0,0.0,0.0,0.0
mendeley,iscx,ddqn,11,validation_fpr_limit,0.04863241083364572,0.050361964572886886,0.04368342560234545,0.042320680609301886,0.044166117336849026,-0.016066838046272403,0.030116477691560728,0.013667425968109326
mendeley,iscx,ddqn,23,default,0.06187703213975426,0.09200123535661814,-0.0002917842277949667,-0.00016482603861589507,-0.0006591957811470373,0.0,-0.0003295978905735186,-0.00032541490400261885
mendeley,iscx,ddqn,23,validation_f1,0.06187703213975426,0.09200123535661814,0.0,0.0,0.0,0.0,0.0,0.0
mendeley,iscx,ddqn,23,validation_fpr_limit,0.06187703213975426,0.09200123535661814,0.09761199865843745,0.12568136697995208,0.07976268951878707,-0.07326478149100257,0.07651373550489482,0.002277904328018221
mendeley,iscx,ddqn,37,default,0.02102540026100852,0.02262490404380174,-0.0002917842277949667,-0.00016482603861589507,-0.0006591957811470373,0.0,-0.0003295978905735186,-0.00032541490400261885
mendeley,iscx,ddqn,37,validation_f1,0.02102540026100852,0.02262490404380174,0.0,0.0,0.0,0.0,0.0,0.0
mendeley,iscx,ddqn,37,validation_fpr_limit,0.02102540026100852,0.02262490404380174,-0.0025058416241370285,-0.01024612603816899,0.0026367831245879825,0.03149100257069415,-0.014427109723053055,0.017246989912137967
mendeley,iscx,ddqn,51,default,0.09116449158911388,0.10122510434442222,0.0002919114223143282,0.00016493338217732356,0.0006591957811469262,0.0,0.0003295978905734631,0.00032541490400261885
mendeley,iscx,ddqn,51,validation_f1,0.09116449158911388,0.10122510434442222,0.0,0.0,0.0,0.0,0.0,0.0
mendeley,iscx,ddqn,51,validation_fpr_limit,0.09116449158911388,0.10122510434442222,0.09736639018411272,0.0904144659105828,0.10085695451549109,-0.011568123393316254,0.056212538954403646,0.043931012040351436
mendeley,iscx,ddqn,71,default,0.12060626090766002,0.14810044855815754,0.0,0.0,0.0,0.0,0.0,0.0
mendeley,iscx,ddqn,71,validation_f1,0.12060626090766002,0.14810044855815754,0.0,0.0,0.0,0.0,0.0,0.0
mendeley,iscx,ddqn,71,validation_fpr_limit,0.12060626090766002,0.14810044855815754,0.1131953303716452,0.1160126768386317,0.10942649967040208,-0.06491002570694093,0.08716826268867145,0.021151968760169226
mendeley,iscx,dqn,11,default,0.03830970454582733,0.03950260373860601,-0.0002917842277949667,-0.00016482603861589507,-0.0006591957811470373,0.0,-0.0003295978905735186,-0.00032541490400261885
mendeley,iscx,dqn,11,validation_f1,0.03830970454582733,0.03950260373860601,0.0,0.0,0.0,0.0,0.0,0.0
mendeley,iscx,dqn,11,validation_fpr_limit,0.03830970454582733,0.03950260373860601,0.03220087984040104,0.027805278712809578,0.034937376400791004,0.0025706940874036244,0.016183341156693676,0.018548649528148387
mendeley,iscx,dqn,23,default,0.05577987683657759,0.08619980410531541,-0.0002917842277949667,-0.00016482603861589507,-0.0006591957811470373,0.0,-0.0003295978905735186,-0.00032541490400261885
mendeley,iscx,dqn,23,validation_f1,0.05577987683657759,0.08619980410531541,0.0,0.0,0.0,0.0,0.0,0.0
mendeley,iscx,dqn,23,validation_fpr_limit,0.05577987683657759,0.08619980410531541,0.0916883624658052,0.12432456090146082,0.0725115359261701,-0.07969151670951158,0.07610152631784084,-0.004555808656036442
mendeley,iscx,dqn,37,default,0.030604416672474544,0.03695944675002921,0.0,0.0,0.0,0.0,0.0,0.0
mendeley,iscx,dqn,37,validation_f1,0.030604416672474544,0.03695944675002921,0.0,0.0,0.0,0.0,0.0,0.0
mendeley,iscx,dqn,37,validation_fpr_limit,0.030604416672474544,0.03695944675002921,0.01844837067922528,0.010786950029088693,0.023071852340145,0.023778920308483276,-0.00035353398416915205,0.023429873088187447
mendeley,iscx,dqn,51,default,0.06509345136028544,0.08025878094534439,0.0,0.0,0.0,0.0,0.0,0.0
mendeley,iscx,dqn,51,validation_f1,0.06509345136028544,0.08025878094534439,0.0,0.0,0.0,0.0,0.0,0.0
mendeley,iscx,dqn,51,validation_fpr_limit,0.06509345136028544,0.08025878094534439,0.051728707767505544,0.04587581093605192,0.05537244561634805,-0.0025706940874036244,0.028971569851875822,0.02603319232020823
mendeley,iscx,dqn,71,default,0.12834945668874315,0.1547623082358803,0.0,0.0,0.0,0.0,0.0,0.0
mendeley,iscx,dqn,71,validation_f1,0.12834945668874315,0.1547623082358803,0.0,0.0,0.0,0.0,0.0,0.0
mendeley,iscx,dqn,71,validation_fpr_limit,0.12834945668874315,0.1547623082358803,0.14926551432359994,0.1514254683681781,0.14502307185234012,-0.07069408740359895,0.10785857962796958,0.03579563944028641
mendeley,iscx,logistic,11,default,0.0,0.0,0.0,0.0,0.0,0.0,0.0,0.0
mendeley,iscx,logistic,11,validation_f1,0.0,0.0,0.0,0.0,0.0,0.0,0.0,0.0
mendeley,iscx,logistic,11,validation_fpr_limit,0.0,0.0,0.0,0.0,0.0,0.0,0.0,0.0
mendeley,iscx,logistic,23,default,0.0,0.0,0.0,0.0,0.0,0.0,0.0,0.0
mendeley,iscx,logistic,23,validation_f1,0.0,0.0,0.0,0.0,0.0,0.0,0.0,0.0
mendeley,iscx,logistic,23,validation_fpr_limit,0.0,0.0,0.0,0.0,0.0,0.0,0.0,0.0
mendeley,iscx,logistic,37,default,0.0,0.0,0.0,0.0,0.0,0.0,0.0,0.0
mendeley,iscx,logistic,37,validation_f1,0.0,0.0,0.0,0.0,0.0,0.0,0.0,0.0
mendeley,iscx,logistic,37,validation_fpr_limit,0.0,0.0,0.0,0.0,0.0,0.0,0.0,0.0
mendeley,iscx,logistic,51,default,0.0,0.0,0.0,0.0,0.0,0.0,0.0,0.0
mendeley,iscx,logistic,51,validation_f1,0.0,0.0,0.0,0.0,0.0,0.0,0.0,0.0
mendeley,iscx,logistic,51,validation_fpr_limit,0.0,0.0,0.0,0.0,0.0,0.0,0.0,0.0
mendeley,iscx,logistic,71,default,0.0,0.0,0.0,0.0,0.0,0.0,0.0,0.0
mendeley,iscx,logistic,71,validation_f1,0.0,0.0,0.0,0.0,0.0,0.0,0.0,0.0
mendeley,iscx,logistic,71,validation_fpr_limit,0.0,0.0,0.0,0.0,0.0,0.0,0.0,0.0
mendeley,iscx,mlp,11,default,0.0,0.0,0.0,0.0,0.0,0.0,0.0,0.0
mendeley,iscx,mlp,11,validation_f1,0.0,0.0,0.0,0.0,0.0,0.0,0.0,0.0
mendeley,iscx,mlp,11,validation_fpr_limit,0.0,0.0,0.0,0.0,0.0,0.0,0.0,0.0
mendeley,iscx,mlp,23,default,0.0,0.0,0.0,0.0,0.0,0.0,0.0,0.0
mendeley,iscx,mlp,23,validation_f1,0.0,0.0,0.0,0.0,0.0,0.0,0.0,0.0
mendeley,iscx,mlp,23,validation_fpr_limit,0.0,0.0,0.0,0.0,0.0,0.0,0.0,0.0
mendeley,iscx,mlp,37,default,0.0,0.0,0.0,0.0,0.0,0.0,0.0,0.0
mendeley,iscx,mlp,37,validation_f1,0.0,0.0,0.0,0.0,0.0,0.0,0.0,0.0
mendeley,iscx,mlp,37,validation_fpr_limit,0.0,0.0,0.0,0.0,0.0,0.0,0.0,0.0
mendeley,iscx,mlp,51,default,0.0,0.0,0.0,0.0,0.0,0.0,0.0,0.0
mendeley,iscx,mlp,51,validation_f1,0.0,0.0,0.0,0.0,0.0,0.0,0.0,0.0
mendeley,iscx,mlp,51,validation_fpr_limit,0.0,0.0,0.0,0.0,0.0,0.0,0.0,0.0
mendeley,iscx,mlp,71,default,0.0,0.0,0.0,0.0,0.0,0.0,0.0,0.0
mendeley,iscx,mlp,71,validation_f1,0.0,0.0,0.0,0.0,0.0,0.0,0.0,0.0
mendeley,iscx,mlp,71,validation_fpr_limit,0.0,0.0,0.0,0.0,0.0,0.0,0.0,0.0
mendeley,iscx,random_forest,11,default,0.0,0.0,0.0,0.0,0.0,0.0,0.0,0.0
mendeley,iscx,random_forest,11,validation_f1,0.0,0.0,0.0,0.0,0.0,0.0,0.0,0.0
mendeley,iscx,random_forest,11,validation_fpr_limit,0.0,0.0,0.0,0.0,0.0,0.0,0.0,0.0
mendeley,iscx,random_forest,23,default,0.0,0.0,0.0,0.0,0.0,0.0,0.0,0.0
mendeley,iscx,random_forest,23,validation_f1,0.0,0.0,0.0,0.0,0.0,0.0,0.0,0.0
mendeley,iscx,random_forest,23,validation_fpr_limit,0.0,0.0,0.0,0.0,0.0,0.0,0.0,0.0
mendeley,iscx,random_forest,37,default,0.0,0.0,0.0,0.0,0.0,0.0,0.0,0.0
mendeley,iscx,random_forest,37,validation_f1,0.0,0.0,0.0,0.0,0.0,0.0,0.0,0.0
mendeley,iscx,random_forest,37,validation_fpr_limit,0.0,0.0,0.0,0.0,0.0,0.0,0.0,0.0
mendeley,iscx,random_forest,51,default,0.0,0.0,0.0,0.0,0.0,0.0,0.0,0.0
mendeley,iscx,random_forest,51,validation_f1,0.0,0.0,0.0,0.0,0.0,0.0,0.0,0.0
mendeley,iscx,random_forest,51,validation_fpr_limit,0.0,0.0,0.0,0.0,0.0,0.0,0.0,0.0
mendeley,iscx,random_forest,71,default,0.0,0.0,0.0,0.0,0.0,0.0,0.0,0.0
mendeley,iscx,random_forest,71,validation_f1,0.0,0.0,0.0,0.0,0.0,0.0,0.0,0.0
mendeley,iscx,random_forest,71,validation_fpr_limit,0.0,0.0,0.0,0.0,0.0,0.0,0.0,0.0
mendeley,mendeley,always_malicious,11,default,0.0,0.0,0.0,0.0,0.0,0.0,0.0,0.0
mendeley,mendeley,always_malicious,11,validation_f1,0.0,0.0,0.0,0.0,0.0,0.0,0.0,0.0
mendeley,mendeley,always_malicious,11,validation_fpr_limit,0.0,0.0,0.0,0.0,0.0,0.0,0.0,0.0
mendeley,mendeley,always_malicious,23,default,0.0,0.0,0.0,0.0,0.0,0.0,0.0,0.0
mendeley,mendeley,always_malicious,23,validation_f1,0.0,0.0,0.0,0.0,0.0,0.0,0.0,0.0
mendeley,mendeley,always_malicious,23,validation_fpr_limit,0.0,0.0,0.0,0.0,0.0,0.0,0.0,0.0
mendeley,mendeley,always_malicious,37,default,0.0,0.0,0.0,0.0,0.0,0.0,0.0,0.0
mendeley,mendeley,always_malicious,37,validation_f1,0.0,0.0,0.0,0.0,0.0,0.0,0.0,0.0
mendeley,mendeley,always_malicious,37,validation_fpr_limit,0.0,0.0,0.0,0.0,0.0,0.0,0.0,0.0
mendeley,mendeley,always_malicious,51,default,0.0,0.0,0.0,0.0,0.0,0.0,0.0,0.0
mendeley,mendeley,always_malicious,51,validation_f1,0.0,0.0,0.0,0.0,0.0,0.0,0.0,0.0
mendeley,mendeley,always_malicious,51,validation_fpr_limit,0.0,0.0,0.0,0.0,0.0,0.0,0.0,0.0
mendeley,mendeley,always_malicious,71,default,0.0,0.0,0.0,0.0,0.0,0.0,0.0,0.0
mendeley,mendeley,always_malicious,71,validation_f1,0.0,0.0,0.0,0.0,0.0,0.0,0.0,0.0
mendeley,mendeley,always_malicious,71,validation_fpr_limit,0.0,0.0,0.0,0.0,0.0,0.0,0.0,0.0
mendeley,mendeley,ddqn,11,default,0.006048536844483476,0.002347956436612786,0.0008610302068965403,0.0007612827674928768,0.0009789525208027117,-0.0008928571428571397,0.0009359048318300367,8.525876033760316e-05
mendeley,mendeley,ddqn,11,validation_f1,0.006048536844483476,0.002347956436612786,0.00034703775879973975,0.0008488153203699556,-0.0003263175069342372,-0.0014285714285714457,0.0005511269608186042,-0.0008525876033762536
mendeley,mendeley,ddqn,11,validation_fpr_limit,0.006048536844483476,0.002347956436612786,0.054141159151702783,0.018210621076939826,0.036058084516234296,0.0,0.01802904225811719,0.018842186034615058
mendeley,mendeley,ddqn,23,default,0.0072823131618966475,0.00254698098035111,-0.0007737893052134348,-0.0015361183660672628,0.0001631587534670631,0.0023214285714285576,-0.0010791349089808167,0.0011936226447266662
mendeley,mendeley,ddqn,23,validation_f1,0.0072823131618966475,0.00254698098035111,0.000108485325806984,0.0003109577722694157,-0.0001631587534670631,-0.000535714285714306,0.00018627776612345492,-0.00034103504135052365
mendeley,mendeley,ddqn,23,validation_fpr_limit,0.0072823131618966475,0.00254698098035111,0.06962329695854924,0.01738712528856967,0.04960026105400556,-0.0003571428571428562,0.024978701955574167,0.025748145621962648
mendeley,mendeley,ddqn,37,default,0.003789713798667882,0.0014637671025335974,0.000640950928335493,0.0008947318361550716,0.0003263175069342372,-0.0012500000000000011,0.0007881587534670498,-0.0004262938016881268
mendeley,mendeley,ddqn,37,validation_f1,0.003789713798667882,0.0014637671025335974,0.00026067202851565163,0.0008205623024587494,-0.0004894762604014113,-0.0014285714285714457,0.0004695475840850172,-0.0009378463637138568
mendeley,mendeley,ddqn,37,validation_fpr_limit,0.003789713798667882,0.0014637671025335974,0.010408217452194113,0.010847107438016534,0.006852667645619176,-0.0016071428571428556,0.004229905251381116,0.002813539091141612
mendeley,mendeley,ddqn,51,default,0.00848374503712368,0.003111772486772524,0.001490607625077689,-0.00024838708826691036,0.0035894925762767205,0.0012500000000000011,0.0011697462881383736,0.0024725040497910467
mendeley,mendeley,ddqn,51,validation_f1,0.00848374503712368,0.003111772486772524,0.001988970488410957,0.00430535986911007,-0.0011421112742698858,-0.007142857142857173,0.0030003729342935603,-0.0040071617358683476
mendeley,mendeley,ddqn,51,validation_fpr_limit,0.00848374503712368,0.003111772486772524,0.053495970298672924,0.018442337591273783,0.0367107195301028,-0.00035714285714285796,0.018533931193622788,0.019012703555290306
mendeley,mendeley,ddqn,71,default,0.010586143144518778,0.0037322856210519895,-0.000573845601911982,0.005480148214701996,-0.008157937673356153,-0.010357142857142843,0.001099602591893456,-0.009207946116463361
mendeley,mendeley,ddqn,71,validation_f1,0.010586143144518778,0.0037322856210519895,0.000108485325806984,0.0003109577722694157,-0.0001631587534670631,-0.000535714285714306,0.00018627776612345492,-0.00034103504135052365
mendeley,mendeley,ddqn,71,validation_fpr_limit,0.010586143144518778,0.0037322856210519895,0.07016460923316792,0.026995588857332775,0.04829499102626855,-0.0019642857142857136,0.025129638370277152,0.024298746696223034
mendeley,mendeley,dqn,11,default,0.005187887994230422,0.002170623266438132,0.0008610302068965403,0.0007612827674928768,0.0009789525208027117,-0.0008928571428571397,0.0009359048318300367,8.525876033760316e-05
mendeley,mendeley,dqn,11,validation_f1,0.005187887994230422,0.002170623266438132,0.00034703775879973975,0.0008488153203699556,-0.0003263175069342372,-0.0014285714285714457,0.0005511269608186042,-0.0008525876033762536
mendeley,mendeley,dqn,11,validation_fpr_limit,0.005187887994230422,0.002170623266438132,0.05063078059167209,0.009704605953713252,0.03393702072116167,0.0012499999999999994,0.016343510360580793,0.018330633472589314
mendeley,mendeley,dqn,23,default,0.0076893483772534355,0.0026780761252126473,-0.0005082557052392689,-0.001054414063818454,0.0001631587534670631,0.0016071428571428348,-0.000721992051837983,0.0008525876033762536
mendeley,mendeley,dqn,23,validation_f1,0.0076893483772534355,0.0026780761252126473,0.0016052632424445878,-0.006802810581492569,0.012563224016968522,0.013928571428571401,-0.0006826737058015508,0.01321510785233182
mendeley,mendeley,dqn,23,validation_fpr_limit,0.0076893483772534355,0.0026780761252126473,0.05900820660332362,0.020107370247311684,0.04209495839451788,-0.0016071428571428573,0.02185105062583037,0.021229431324068543
mendeley,mendeley,dqn,37,default,0.006011119224897832,0.0019843309325687786,0.0004647200061963508,0.00044234739015036606,0.0004894762604014113,-0.0005357142857142783,0.0005125952730578032,0.0
mendeley,mendeley,dqn,37,validation_f1,0.006011119224897832,0.0019843309325687786,0.0003470769273240526,0.0008487351666905951,-0.0003263175069342372,-0.0014285714285714457,0.0005511269608184932,-0.0008525876033762536
mendeley,mendeley,dqn,37,validation_fpr_limit,0.006011119224897832,0.0019843309325687786,0.021183044628071468,0.017245450474290602,0.014031652798172617,-0.0021428571428571443,0.008087254970514879,0.0063091482649842295
mendeley,mendeley,dqn,51,default,0.006264758770192391,0.002557265808917797,0.0037877530466587928,0.000557264643580857,0.007668461412954852,0.0010714285714285565,0.0032985164207630646,0.0045187142978940775
mendeley,mendeley,dqn,51,validation_f1,0.006264758770192391,0.002557265808917797,0.0019029222672157786,0.003914406700692985,-0.0008157937673356486,-0.00642857142857145,0.0028063888306177898,-0.0034956091738426176
mendeley,mendeley,dqn,51,validation_fpr_limit,0.006264758770192391,0.002557265808917797,0.044783296386222526,0.010898350455449846,0.03100016315875348,0.0005357142857142835,0.015232224436519504,0.01645494074516156
mendeley,mendeley,dqn,71,default,0.010223028936528489,0.0035890846793928954,-0.0003766787164143359,0.005446343082212701,-0.007668461412954852,-0.010178571428571426,0.0012550550078083145,-0.008866911075112949
mendeley,mendeley,dqn,71,validation_f1,0.010223028936528489,0.0035890846793928954,0.0001949033043759929,0.00033913859156675663,0.0,-0.000535714285714306,0.000267857142857042,-0.0002557762810129205
mendeley,mendeley,dqn,71,validation_fpr_limit,0.010223028936528489,0.0035890846793928954,0.07716473228731963,0.02564005544062542,0.05302659487681513,-0.0012499999999999994,0.027138297438407677,0.027112285787364646
mendeley,mendeley,logistic,11,default,0.0,0.0,0.0,0.0,0.0,0.0,0.0,0.0
mendeley,mendeley,logistic,11,validation_f1,0.0,0.0,0.0,0.0,0.0,0.0,0.0,0.0
mendeley,mendeley,logistic,11,validation_fpr_limit,0.0,0.0,0.0,0.0,0.0,0.0,0.0,0.0
mendeley,mendeley,logistic,23,default,0.0,0.0,0.0,0.0,0.0,0.0,0.0,0.0
mendeley,mendeley,logistic,23,validation_f1,0.0,0.0,0.0,0.0,0.0,0.0,0.0,0.0
mendeley,mendeley,logistic,23,validation_fpr_limit,0.0,0.0,0.0,0.0,0.0,0.0,0.0,0.0
mendeley,mendeley,logistic,37,default,0.0,0.0,0.0,0.0,0.0,0.0,0.0,0.0
mendeley,mendeley,logistic,37,validation_f1,0.0,0.0,0.0,0.0,0.0,0.0,0.0,0.0
mendeley,mendeley,logistic,37,validation_fpr_limit,0.0,0.0,0.0,0.0,0.0,0.0,0.0,0.0
mendeley,mendeley,logistic,51,default,0.0,0.0,0.0,0.0,0.0,0.0,0.0,0.0
mendeley,mendeley,logistic,51,validation_f1,0.0,0.0,0.0,0.0,0.0,0.0,0.0,0.0
mendeley,mendeley,logistic,51,validation_fpr_limit,0.0,0.0,0.0,0.0,0.0,0.0,0.0,0.0
mendeley,mendeley,logistic,71,default,0.0,0.0,0.0,0.0,0.0,0.0,0.0,0.0
mendeley,mendeley,logistic,71,validation_f1,0.0,0.0,0.0,0.0,0.0,0.0,0.0,0.0
mendeley,mendeley,logistic,71,validation_fpr_limit,0.0,0.0,0.0,0.0,0.0,0.0,0.0,0.0
mendeley,mendeley,mlp,11,default,0.0,0.0,0.0,0.0,0.0,0.0,0.0,0.0
mendeley,mendeley,mlp,11,validation_f1,0.0,0.0,0.0,0.0,0.0,0.0,0.0,0.0
mendeley,mendeley,mlp,11,validation_fpr_limit,0.0,0.0,0.0,0.0,0.0,0.0,0.0,0.0
mendeley,mendeley,mlp,23,default,0.0,0.0,0.0,0.0,0.0,0.0,0.0,0.0
mendeley,mendeley,mlp,23,validation_f1,0.0,0.0,0.0,0.0,0.0,0.0,0.0,0.0
mendeley,mendeley,mlp,23,validation_fpr_limit,0.0,0.0,0.0,0.0,0.0,0.0,0.0,0.0
mendeley,mendeley,mlp,37,default,0.0,0.0,0.0,0.0,0.0,0.0,0.0,0.0
mendeley,mendeley,mlp,37,validation_f1,0.0,0.0,0.0,0.0,0.0,0.0,0.0,0.0
mendeley,mendeley,mlp,37,validation_fpr_limit,0.0,0.0,0.0,0.0,0.0,0.0,0.0,0.0
mendeley,mendeley,mlp,51,default,0.0,0.0,0.0,0.0,0.0,0.0,0.0,0.0
mendeley,mendeley,mlp,51,validation_f1,0.0,0.0,0.0,0.0,0.0,0.0,0.0,0.0
mendeley,mendeley,mlp,51,validation_fpr_limit,0.0,0.0,0.0,0.0,0.0,0.0,0.0,0.0
mendeley,mendeley,mlp,71,default,0.0,0.0,0.0,0.0,0.0,0.0,0.0,0.0
mendeley,mendeley,mlp,71,validation_f1,0.0,0.0,0.0,0.0,0.0,0.0,0.0,0.0
mendeley,mendeley,mlp,71,validation_fpr_limit,0.0,0.0,0.0,0.0,0.0,0.0,0.0,0.0
mendeley,mendeley,random_forest,11,default,0.0,0.0,0.0,0.0,0.0,0.0,0.0,0.0
mendeley,mendeley,random_forest,11,validation_f1,0.0,0.0,0.0,0.0,0.0,0.0,0.0,0.0
mendeley,mendeley,random_forest,11,validation_fpr_limit,0.0,0.0,0.0,0.0,0.0,0.0,0.0,0.0
mendeley,mendeley,random_forest,23,default,0.0,0.0,0.0,0.0,0.0,0.0,0.0,0.0
mendeley,mendeley,random_forest,23,validation_f1,0.0,0.0,0.0,0.0,0.0,0.0,0.0,0.0
mendeley,mendeley,random_forest,23,validation_fpr_limit,0.0,0.0,0.0,0.0,0.0,0.0,0.0,0.0
mendeley,mendeley,random_forest,37,default,0.0,0.0,0.0,0.0,0.0,0.0,0.0,0.0
mendeley,mendeley,random_forest,37,validation_f1,0.0,0.0,0.0,0.0,0.0,0.0,0.0,0.0
mendeley,mendeley,random_forest,37,validation_fpr_limit,0.0,0.0,0.0,0.0,0.0,0.0,0.0,0.0
mendeley,mendeley,random_forest,51,default,0.0,0.0,0.0,0.0,0.0,0.0,0.0,0.0
mendeley,mendeley,random_forest,51,validation_f1,0.0,0.0,0.0,0.0,0.0,0.0,0.0,0.0
mendeley,mendeley,random_forest,51,validation_fpr_limit,0.0,0.0,0.0,0.0,0.0,0.0,0.0,0.0
mendeley,mendeley,random_forest,71,default,0.0,0.0,0.0,0.0,0.0,0.0,0.0,0.0
mendeley,mendeley,random_forest,71,validation_f1,0.0,0.0,0.0,0.0,0.0,0.0,0.0,0.0
mendeley,mendeley,random_forest,71,validation_fpr_limit,0.0,0.0,0.0,0.0,0.0,0.0,0.0,0.0
