source,target,model,operating_point,average_precision_mean,average_precision_std,average_precision_count,roc_auc_mean,roc_auc_std,roc_auc_count,f1_mean,f1_std,f1_count,precision_mean,precision_std,precision_count,recall_mean,recall_std,recall_count,fpr_mean,fpr_std,fpr_count,balanced_accuracy_mean,balanced_accuracy_std,balanced_accuracy_count,predicted_malicious_fraction_mean,predicted_malicious_fraction_std,predicted_malicious_fraction_count
iscx,iscx,always_malicious,default,0.0,0.0,5,0.0,0.0,5,0.0,0.0,5,0.0,0.0,5,0.0,0.0,5,0.0,0.0,5,0.0,0.0,5,0.0,0.0,5
iscx,iscx,always_malicious,validation_f1,0.0,0.0,5,0.0,0.0,5,0.0,0.0,5,0.0,0.0,5,0.0,0.0,5,0.0,0.0,5,0.0,0.0,5,0.0,0.0,5
iscx,iscx,always_malicious,validation_fpr_limit,0.0,0.0,5,0.0,0.0,5,0.0,0.0,5,0.0,0.0,5,0.0,0.0,5,0.0,0.0,5,0.0,0.0,5,0.0,0.0,5
iscx,iscx,ddqn,default,0.002816735315429897,0.0012962961591958375,5,0.0018803178374311002,0.0008525518469215632,5,0.0028064487953548766,0.0043079231834073205,5,0.002617046289806524,0.008210116271322968,5,0.002504943968358586,0.015278559900665177,5,-0.0028277634961439576,0.009462808390388672,5,0.0026663537322512364,0.0030281197551943473,5,-0.0001952489424015713,0.012304814930192745,5
iscx,iscx,ddqn,validation_f1,0.002816735315429897,0.0012962961591958375,5,0.0018803178374311002,0.0008525518469215632,5,-0.005757065241210646,0.010355946371648925,5,-0.0171386059839733,0.028818313585860376,5,0.006591957811469995,0.010051384760696695,5,0.020694087403598977,0.03471151026235723,5,-0.007051064796064477,0.012486339544750254,5,0.013732508948909861,0.022451741833714865,5
iscx,iscx,ddqn,validation_fpr_limit,0.002816735315429897,0.0012962961591958375,5,0.0018803178374311002,0.0008525518469215632,5,0.03330860473750028,0.016096149331692986,5,-0.0005018752801603688,0.00152681996276294,5,0.04416611733684901,0.02099101295727184,5,0.0008997429305912591,0.0009746626534770629,5,0.021633187203128856,0.010220669284615532,5,0.022258379433778074,0.0106560338825819,5
iscx,iscx,dqn,default,0.0027529969832364555,0.001274311811082484,5,0.0018078740851328323,0.0007394306627118039,5,0.0023771801366350154,0.005104690658641589,5,0.0025843980933664577,0.008040392577238596,5,0.0017139090309822302,0.016291607310831218,5,-0.0028277634961439563,0.009408090640187819,5,0.0022708362635630586,0.0038068482051095303,5,-0.0005857468272046917,0.012702440623617974,5
iscx,iscx,dqn,validation_f1,0.0027529969832364555,0.001274311811082484,5,0.0018078740851328323,0.0007394306627118039,5,-0.005664202158307208,0.009962622870134077,5,-0.015379179554040955,0.027917944178928403,5,0.0050098879367171945,0.009981974281590937,5,0.018637532133676096,0.0337296469710736,5,-0.006813822098479449,0.012042004907185946,5,0.011910185486495261,0.021914948263928813,5
iscx,iscx,dqn,validation_fpr_limit,0.0027529969832364555,0.001274311811082484,5,0.0018078740851328323,0.0007394306627118039,5,0.03619154646230567,0.01676737211605631,5,-0.0005480872772218204,0.002281747348544962,5,0.04772577455504283,0.020315639693899094,5,0.0010282776349614393,0.001167474429600575,5,0.023348748460040668,0.010459959648642282,5,0.02408070289619264,0.009748878736703695,5
iscx,iscx,logistic,default,0.0,0.0,5,0.0,0.0,5,0.0,0.0,5,0.0,0.0,5,0.0,0.0,5,0.0,0.0,5,0.0,0.0,5,0.0,0.0,5
iscx,iscx,logistic,validation_f1,0.0,0.0,5,0.0,0.0,5,0.0,0.0,5,0.0,0.0,5,0.0,0.0,5,0.0,0.0,5,0.0,0.0,5,0.0,0.0,5
iscx,iscx,logistic,validation_fpr_limit,0.0,0.0,5,0.0,0.0,5,0.0,0.0,5,0.0,0.0,5,0.0,0.0,5,0.0,0.0,5,0.0,0.0,5,0.0,0.0,5
iscx,iscx,mlp,default,0.0,0.0,5,0.0,0.0,5,0.0,0.0,5,0.0,0.0,5,0.0,0.0,5,0.0,0.0,5,0.0,0.0,5,0.0,0.0,5
iscx,iscx,mlp,validation_f1,0.0,0.0,5,0.0,0.0,5,0.0,0.0,5,0.0,0.0,5,0.0,0.0,5,0.0,0.0,5,0.0,0.0,5,0.0,0.0,5
iscx,iscx,mlp,validation_fpr_limit,0.0,0.0,5,0.0,0.0,5,0.0,0.0,5,0.0,0.0,5,0.0,0.0,5,0.0,0.0,5,0.0,0.0,5,0.0,0.0,5
iscx,iscx,random_forest,default,0.0,0.0,5,0.0,0.0,5,0.0,0.0,5,0.0,0.0,5,0.0,0.0,5,0.0,0.0,5,0.0,0.0,5,0.0,0.0,5
iscx,iscx,random_forest,validation_f1,0.0,0.0,5,0.0,0.0,5,0.0,0.0,5,0.0,0.0,5,0.0,0.0,5,0.0,0.0,5,0.0,0.0,5,0.0,0.0,5
iscx,iscx,random_forest,validation_fpr_limit,0.0,0.0,5,0.0,0.0,5,0.0,0.0,5,0.0,0.0,5,0.0,0.0,5,0.0,0.0,5,0.0,0.0,5,0.0,0.0,5
iscx,mendeley,always_malicious,default,0.0,0.0,5,0.0,0.0,5,0.0,0.0,5,0.0,0.0,5,0.0,0.0,5,0.0,0.0,5,0.0,0.0,5,0.0,0.0,5
iscx,mendeley,always_malicious,validation_f1,0.0,0.0,5,0.0,0.0,5,0.0,0.0,5,0.0,0.0,5,0.0,0.0,5,0.0,0.0,5,0.0,0.0,5,0.0,0.0,5
iscx,mendeley,always_malicious,validation_fpr_limit,0.0,0.0,5,0.0,0.0,5,0.0,0.0,5,0.0,0.0,5,0.0,0.0,5,0.0,0.0,5,0.0,0.0,5,0.0,0.0,5
iscx,mendeley,ddqn,default,-0.08531326818915386,0.1066318403114529,5,-0.1478073124257045,0.16099502446346642,5,0.0017972348570091333,0.0039987643024470484,5,0.0010801239326031942,0.0020649422315148604,5,0.0034589655735030476,0.00874034604674799,5,-0.000214285714285678,0.002033676925358302,5,0.0018366256438943629,0.003359914075989576,5,0.001705175206752485,0.005534272161629631,5
iscx,mendeley,ddqn,validation_f1,-0.08531326818915386,0.1066318403114529,5,-0.1478073124257045,0.16099502446346642,5,0.007903753649692558,0.007197975354275694,5,0.004325237601246845,0.003998216410571426,5,0.016772719856420305,0.015134414598339457,5,0.0017857142857142794,0.0012176947943737468,5,0.007493502785353013,0.007008976950170817,5,0.00961718816608408,0.008448235451940914,5
iscx,mendeley,ddqn,validation_fpr_limit,-0.08531326818915386,0.1066318403114529,5,-0.1478073124257045,0.16099502446346642,5,0.011118667929453662,0.007617435826243834,5,0.006729282596638075,0.004645496423907412,5,0.020231685429923284,0.013750905135677874,5,0.0012500000000000178,0.0007680647559859371,5,0.009490842714961634,0.006550897150566286,5,0.011168897604228834,0.007500832960328353,5
iscx,mendeley,dqn,default,-0.07340757350609617,0.11368226378655975,5,-0.1337699141085705,0.17382674269788487,5,0.0017873542237739626,0.0038897922410085404,5,0.0010690099720931713,0.0020060704275305687,5,0.0034589655735030034,0.00851197825124265,5,-0.00017857142857140572,0.0020360275448199137,5,0.0018187685010372045,0.0032605683699619614,5,0.0017222269588200057,0.005406508008777692,5
iscx,mendeley,dqn,validation_f1,-0.07340757350609617,0.11368226378655975,5,-0.1337699141085705,0.17382674269788487,5,0.0077797276417321815,0.007240929032122418,5,0.004277716065990622,0.004024192946157217,5,0.016446402349486043,0.015220796692337587,5,0.0016071428571428515,0.0012938729237669442,5,0.007419629746171596,0.007056652802234785,5,0.009361411885071202,0.008494999080564445,5
iscx,mendeley,dqn,validation_fpr_limit,-0.07340757350609617,0.11368226378655975,5,-0.1337699141085705,0.17382674269788487,5,0.011057452488885433,0.008295402251705535,5,0.006456930330618127,0.005174557255279699,5,0.020688529939631262,0.014828339317889903,5,0.0029642857142857084,0.0038849034080394133,5,0.008862122112672777,0.007474203327964111,5,0.012226106232415379,0.008145804186271166,5
iscx,mendeley,logistic,default,0.0,0.0,5,0.0,0.0,5,0.0,0.0,5,0.0,0.0,5,0.0,0.0,5,0.0,0.0,5,0.0,0.0,5,0.0,0.0,5
iscx,mendeley,logistic,validation_f1,0.0,0.0,5,0.0,0.0,5,0.0,0.0,5,0.0,0.0,5,0.0,0.0,5,0.0,0.0,5,0.0,0.0,5,0.0,0.0,5
iscx,mendeley,logistic,validation_fpr_limit,0.0,0.0,5,0.0,0.0,5,0.0,0.0,5,0.0,0.0,5,0.0,0.0,5,0.0,0.0,5,0.0,0.0,5,0.0,0.0,5
iscx,mendeley,mlp,default,0.0,0.0,5,0.0,0.0,5,0.0,0.0,5,0.0,0.0,5,0.0,0.0,5,0.0,0.0,5,0.0,0.0,5,0.0,0.0,5
iscx,mendeley,mlp,validation_f1,0.0,0.0,5,0.0,0.0,5,0.0,0.0,5,0.0,0.0,5,0.0,0.0,5,0.0,0.0,5,0.0,0.0,5,0.0,0.0,5
iscx,mendeley,mlp,validation_fpr_limit,0.0,0.0,5,0.0,0.0,5,0.0,0.0,5,0.0,0.0,5,0.0,0.0,5,0.0,0.0,5,0.0,0.0,5,0.0,0.0,5
iscx,mendeley,random_forest,default,0.0,0.0,5,0.0,0.0,5,0.0,0.0,5,0.0,0.0,5,0.0,0.0,5,0.0,0.0,5,0.0,0.0,5,0.0,0.0,5
iscx,mendeley,random_forest,validation_f1,0.0,0.0,5,0.0,0.0,5,0.0,0.0,5,0.0,0.0,5,0.0,0.0,5,0.0,0.0,5,0.0,0.0,5,0.0,0.0,5
iscx,mendeley,random_forest,validation_fpr_limit,0.0,0.0,5,0.0,0.0,5,0.0,0.0,5,0.0,0.0,5,0.0,0.0,5,0.0,0.0,5,0.0,0.0,5,0.0,0.0,5
mendeley,iscx,always_malicious,default,0.0,0.0,5,0.0,0.0,5,0.0,0.0,5,0.0,0.0,5,0.0,0.0,5,0.0,0.0,5,0.0,0.0,5,0.0,0.0,5
mendeley,iscx,always_malicious,validation_f1,0.0,0.0,5,0.0,0.0,5,0.0,0.0,5,0.0,0.0,5,0.0,0.0,5,0.0,0.0,5,0.0,0.0,5,0.0,0.0,5
mendeley,iscx,always_malicious,validation_fpr_limit,0.0,0.0,5,0.0,0.0,5,0.0,0.0,5,0.0,0.0,5,0.0,0.0,5,0.0,0.0,5,0.0,0.0,5,0.0,0.0,5
mendeley,iscx,ddqn,default,0.06866111914623649,0.038474128420316646,5,0.0828627313751773,0.04837753720392467,5,-0.00011668825221411439,0.00026102952142591327,5,-6.590894673407233e-05,0.00014746689736675037,5,-0.0002636783124588371,0.0005896026308502964,5,0.0,0.0,5,-0.00013183915622941856,0.0002948013154251482,5,-0.00013016596160104755,0.00029105993849656966,5
mendeley,iscx,ddqn,validation_f1,0.06866111914623649,0.038474128420316646,5,0.0828627313751773,0.04837753720392467,5,0.0,0.0,5,0.0,0.0,5,0.0,0.0,5,0.0,0.0,5,0.0,0.0,5,0.0,0.0,5
mendeley,iscx,ddqn,validation_fpr_limit,0.06866111914623649,0.038474128420316646,5,0.0828627313751773,0.04837753720392467,5,0.06987026063848076,0.048287558810940934,5,0.0728366128600599,0.05656784661029509,5,0.06736980883322345,0.04408093005558025,5,-0.026863753213367602,0.042884675197592724,5,0.047116781023295515,0.04070533051793083,5,0.019655060201757234,0.015290345690973716,5
mendeley,iscx,dqn,default,0.06362738122078161,0.03867874312646038,5,0.07953658875503507,0.04774767494178349,5,-0.00011671369111798668,0.00015981680348752916,5,-6.593041544635802e-05,9.027893941414331e-05,5,-0.0002636783124588149,0.000361056399146471,5,0.0,0.0,5,-0.00013183915622940744,0.0001805281995732355,5,-0.00013016596160104755,0.0001782370834706125,5
mendeley,iscx,dqn,validation_f1,0.06362738122078161,0.03867874312646038,5,0.07953658875503507,0.04774767494178349,5,0.0,0.0,5,0.0,0.0,5,0.0,0.0,5,0.0,0.0,5,0.0,0.0,5,0.0,0.0,5
mendeley,iscx,dqn,validation_fpr_limit,0.06362738122078161,0.03867874312646038,5,0.07953658875503507,0.04774767494178349,5,0.0686663670153074,0.052831567346273305,5,0.07204361378951782,0.06210664078595902,5,0.06618325642715886,0.04797795178271309,5,-0.02532133676092545,0.04669367018051885,5,0.045752296594042154,0.04488855551829466,5,0.019850309144158806,0.015022048665907967,5
mendeley,iscx,logistic,default,0.0,0.0,5,0.0,0.0,5,0.0,0.0,5,0.0,0.0,5,0.0,0.0,5,0.0,0.0,5,0.0,0.0,5,0.0,0.0,5
mendeley,iscx,logistic,validation_f1,0.0,0.0,5,0.0,0.0,5,0.0,0.0,5,0.0,0.0,5,0.0,0.0,5,0.0,0.0,5,0.0,0.0,5,0.0,0.0,5
mendeley,iscx,logistic,validation_fpr_limit,0.0,0.0,5,0.0,0.0,5,0.0,0.0,5,0.0,0.0,5,0.0,0.0,5,0.0,0.0,5,0.0,0.0,5,0.0,0.0,5
mendeley,iscx,mlp,default,0.0,0.0,5,0.0,0.0,5,0.0,0.0,5,0.0,0.0,5,0.0,0.0,5,0.0,0.0,5,0.0,0.0,5,0.0,0.0,5
mendeley,iscx,mlp,validation_f1,0.0,0.0,5,0.0,0.0,5,0.0,0.0,5,0.0,0.0,5,0.0,0.0,5,0.0,0.0,5,0.0,0.0,5,0.0,0.0,5
mendeley,iscx,mlp,validation_fpr_limit,0.0,0.0,5,0.0,0.0,5,0.0,0.0,5,0.0,0.0,5,0.0,0.0,5,0.0,0.0,5,0.0,0.0,5,0.0,0.0,5
mendeley,iscx,random_forest,default,0.0,0.0,5,0.0,0.0,5,0.0,0.0,5,0.0,0.0,5,0.0,0.0,5,0.0,0.0,5,0.0,0.0,5,0.0,0.0,5
mendeley,iscx,random_forest,validation_f1,0.0,0.0,5,0.0,0.0,5,0.0,0.0,5,0.0,0.0,5,0.0,0.0,5,0.0,0.0,5,0.0,0.0,5,0.0,0.0,5
mendeley,iscx,random_forest,validation_fpr_limit,0.0,0.0,5,0.0,0.0,5,0.0,0.0,5,0.0,0.0,5,0.0,0.0,5,0.0,0.0,5,0.0,0.0,5,0.0,0.0,5
mendeley,mendeley,always_malicious,default,0.0,0.0,5,0.0,0.0,5,0.0,0.0,5,0.0,0.0,5,0.0,0.0,5,0.0,0.0,5,0.0,0.0,5,0.0,0.0,5
mendeley,mendeley,always_malicious,validation_f1,0.0,0.0,5,0.0,0.0,5,0.0,0.0,5,0.0,0.0,5,0.0,0.0,5,0.0,0.0,5,0.0,0.0,5,0.0,0.0,5
mendeley,mendeley,always_malicious,validation_fpr_limit,0.0,0.0,5,0.0,0.0,5,0.0,0.0,5,0.0,0.0,5,0.0,0.0,5,0.0,0.0,5,0.0,0.0,5,0.0,0.0,5
mendeley,mendeley,ddqn,default,0.007238090397338093,0.0025529104544516476,5,0.002640552525464401,0.0008504589115332187,5,0.0003289907706368611,0.0009696618263004651,5,0.0010703314728031544,0.002650727703746395,5,-0.000620003263175084,0.004432996608895646,5,-0.001785714285714285,0.005015918537567184,5,0.0005828555112696199,0.000940807330211138,5,-0.0011765708926592343,0.004625788665520653,5
mendeley,mendeley,ddqn,validation_f1,0.007238090397338093,0.0025529104544516476,5,0.002640552525464401,0.0008504589115332187,5,0.0005627301854680633,0.0008038346440498853,5,0.0013193306072955212,0.0016896861216206922,5,-0.0004568445097079321,0.00040626201983976916,5,-0.0022142857142857355,0.002791089137134212,5,0.0008787206022888184,0.001197403747005615,5,-0.001295933157131901,0.0015410388266408328,5
mendeley,mendeley,ddqn,validation_fpr_limit,0.007238090397338093,0.0025529104544516476,5,0.002640552525464401,0.0008504589115332187,5,0.05156665061885739,0.024373620632784632,5,0.01837655605042652,0.005744370239471422,5,0.035503344754446074,0.01721174055947476,5,-0.0008571428571428567,0.0008693329603312913,5,0.018180243805794482,0.008504014059346443,5,0.018143064199846532,0.009110009254111835,5
mendeley,mendeley,dqn,default,0.007075228660620514,0.0019771845341835215,5,0.00259587616250605,0.0006224022704736312,5,0.0008457137676196158,0.0017412971226517743,5,0.0012305647639236695,0.002464181423147019,5,0.0003263175069342372,0.005438353177516417,5,-0.0017857142857142904,0.004808182863512944,5,0.0010560158963242472,0.00146111858479574,5,-0.0006820700827010028,0.0049358121826356864,5
mendeley,mendeley,dqn,validation_f1,0.007075228660620514,0.0019771845341835215,5,0.00259587616250605,0.0006224022704736312,5,0.0008794407000320304,0.0008077419770284545,5,-0.0001703429604344553,0.003968991742899305,5,0.0022189590471528796,0.005789952226428855,5,0.0008214285714285508,0.007686457744179771,5,0.0006987652378620757,0.001282548894959624,5,0.001551709438144755,0.006639626888833208,5
mendeley,mendeley,dqn,validation_fpr_limit,0.007075228660620514,0.0019771845341835215,5,0.00259587616250605,0.0006224022704736312,5,0.050554012099321866,0.020466830586802414,5,0.016719166514278162,0.0066035050925224575,5,0.03481807798988416,0.014421609510246671,5,-0.0006428571428571436,0.0014594869101216103,5,0.017730467566370645,0.007187539318962209,5,0.017887287918833657,0.00762515573227128,5
mendeley,mendeley,logistic,default,0.0,0.0,5,0.0,0.0,5,0.0,0.0,5,0.0,0.0,5,0.0,0.0,5,0.0,0.0,5,0.0,0.0,5,0.0,0.0,5
mendeley,mendeley,logistic,validation_f1,0.0,0.0,5,0.0,0.0,5,0.0,0.0,5,0.0,0.0,5,0.0,0.0,5,0.0,0.0,5,0.0,0.0,5,0.0,0.0,5
mendeley,mendeley,logistic,validation_fpr_limit,0.0,0.0,5,0.0,0.0,5,0.0,0.0,5,0.0,0.0,5,0.0,0.0,5,0.0,0.0,5,0.0,0.0,5,0.0,0.0,5
mendeley,mendeley,mlp,default,0.0,0.0,5,0.0,0.0,5,0.0,0.0,5,0.0,0.0,5,0.0,0.0,5,0.0,0.0,5,0.0,0.0,5,0.0,0.0,5
mendeley,mendeley,mlp,validation_f1,0.0,0.0,5,0.0,0.0,5,0.0,0.0,5,0.0,0.0,5,0.0,0.0,5,0.0,0.0,5,0.0,0.0,5,0.0,0.0,5
mendeley,mendeley,mlp,validation_fpr_limit,0.0,0.0,5,0.0,0.0,5,0.0,0.0,5,0.0,0.0,5,0.0,0.0,5,0.0,0.0,5,0.0,0.0,5,0.0,0.0,5
mendeley,mendeley,random_forest,default,0.0,0.0,5,0.0,0.0,5,0.0,0.0,5,0.0,0.0,5,0.0,0.0,5,0.0,0.0,5,0.0,0.0,5,0.0,0.0,5
mendeley,mendeley,random_forest,validation_f1,0.0,0.0,5,0.0,0.0,5,0.0,0.0,5,0.0,0.0,5,0.0,0.0,5,0.0,0.0,5,0.0,0.0,5,0.0,0.0,5
mendeley,mendeley,random_forest,validation_fpr_limit,0.0,0.0,5,0.0,0.0,5,0.0,0.0,5,0.0,0.0,5,0.0,0.0,5,0.0,0.0,5,0.0,0.0,5,0.0,0.0,5
